year;country;obi;co_code;obi_ebp;obi_eb;obi_cb;obi_pbs;obi_iyr;obi_myr;obi_yer;obi_ar;leg_obi;sai_obi;region;inc_group;di_demtype;gdp_ppp_by;gdp_ppp_obiyear
2006;Afghanistan;;;;;;;;;;;;;;;;;
2006;Albania;24,8901;8;13,16483516;0,736263736;0;0;6,593406593;0;2,186813187;2,208791209;47,1667;62,625;Eastern Europe & Central Asia;Lower Middle Income;Hybrid Regime;5786;6054
2006;Algeria;28,1957;12;24,22826087;0,72826087;0;0;0;0;3,239130435;0;38,8333;12,5;Middle East & North Africa;Lower Middle Income;Authoritarian Regime;7176;7210
2006;Angola;4,69565;24;1,086956522;0,72826087;0,358695652;0;0;0;2,52173913;0;22,25;12,5;Sub-Saharan Africa;Lower Middle Income;Authoritarian Regime;3611;4164
2006;Argentina;39,8261;32;29,68478261;1,086956522;0;0;6,173913043;0;2,880434783;0;33,3333;33,375;Latin America & Caribbean;Upper middle income;Flawed Democracy;10819;11623
2006;Australia;;;;;;;;;;;;;;;;;
2006;Azerbaijan;30,0543;31;29,69565217;0,358695652;0;0;0;0;0;0;22,1667;0;Eastern Europe & Central Asia;Lower Middle Income;Authoritarian Regime;4496;5981
2006;Bangladesh;39,4457;50;33,65217391;0,358695652;0;0;5,076086957;0;0;0,358695652;24,9167;37,375;South Asia;Low income;Flawed Democracy;1069;1123
2006;Benin;;;;;;;;;;;;;;;;;
2006;Bolivia;20,6413;68;13,76086957;1,086956522;0;0;0;0;4,347826087;1,445652174;50;41,625;Latin America & Caribbean;Lower Middle Income;Flawed Democracy;3757;3857
2006;Bosnia and Herzegovina;;;;;;;;;;;;;;;;;
2006;Botswana;65,2637;72;47,64835165;0,736263736;0;0;6,604395604;0;5,142857143;5,131868132;50,0833;58,375;Sub-Saharan Africa;Upper middle income;Flawed Democracy;12067;12252
2006;Brazil;73,9348;76;48,92391304;1,086956522;0;3,260869565;7,97826087;0;9,054347826;3,630434783;77,75;66,75;Latin America & Caribbean;Upper middle income;Flawed Democracy;8505;8745
2006;Bulgaria;47,2198;100;29,64835165;0,736263736;0;0;8,791208791;0;6,956043956;1,087912088;36,1667;37,375;Eastern Europe & Central Asia;Upper middle income;Flawed Democracy;8666;9299
2006;Burkina Faso;11,2391;854;1,086956522;0,72826087;0;0;4,358695652;1,815217391;3,25;0;44,5;20,75;Sub-Saharan Africa;Low income;Authoritarian Regime;1040;1060
2006;Burundi;;;;;;;;;;;;;;;;;
2006;Cambodia;;;;;;;;;;;;;;;;;
2006;Cameroon;29,337;120;25,7173913;0,358695652;0;2,184782609;0;1,076086957;0;0;11;0;Sub-Saharan Africa;Lower Middle Income;Authoritarian Regime;1956;1973
2006;Canada;;;;;;;;;;;;;;;;;
2006;Chad;5,42391;148;1,086956522;0,72826087;0;0;0;0;3,608695652;0;19,4167;0;Sub-Saharan Africa;Low income;Authoritarian Regime;1342;1305
2006;Chile;;;;;;;;;;;;;;;;;
2006;China;;;;;;;;;;;;;;;;;
2006;Colombia;56,913;170;43,15217391;0,72826087;0;0;3,619565217;0;3,967391304;5,445652174;69,5;83,375;Latin America & Caribbean;Lower Middle Income;Flawed Democracy;7204;7589
2006;Comoros;;;;;;;;;;;;;;;;;
2006;Costa Rica;44,8444;188;35,57777778;1,111111111;0;0;0;0;5,566666667;2,588888889;54,5455;71,4286;Latin America & Caribbean;Upper middle income;Full Democracy;9002;9642
2006;Cote d'Ivoire;;;;;;;;;;;;;;;;;
2006;Croatia;42,4022;191;21,73913043;1,086956522;0;2,543478261;8,336956522;0;3,619565217;5,076086957;41,5833;70,875;Eastern Europe & Central Asia;High income;Flawed Democracy;14271;14954
2006;Czech Republic;60,8242;203;41,03296703;0,736263736;0;0;7,703296703;0;8,428571429;2,923076923;72,7273;62,5;Eastern Europe & Central Asia;Low income;Full Democracy;20362;21678
2006;Democratic Republic of Congo;;;;;;;;;;;;;;;;;
2006;Dominican Republic;;;;;;;;;;;;;;;;;
2006;Ecuador;31,5326;218;22,4673913;1,086956522;0;0;7,25;0;0,72826087;0;19,4167;25;Latin America & Caribbean;Lower Middle Income;Hybrid Regime;6736;6923
2006;Egypt;18,5109;818;2,902173913;0,72826087;0;0;6,532608696;0,72826087;6,163043478;1,456521739;30,5833;54,25;Middle East & North Africa;Lower Middle Income;Authoritarian Regime;4319;4530
2006;El Salvador;27,8696;222;18,44565217;1,086956522;1,086956522;0;3,989130435;0;3,260869565;0;61,0833;41,625;Latin America & Caribbean;Lower Middle Income;Flawed Democracy;5687;5902
2006;Equatorial Guinea;;;;;;;;;;;;;;;;;
2006;Fiji;;;;;;;;;;;;;;;;;
2006;France;88,6923;250;54,61538462;1,098901099;1,098901099;3,296703297;8,791208791;4,032967033;10,62637363;5,131868132;66,75;70,875;Western Europe & the U.S.;High income;Full Democracy;29809;30227
2006;Georgia;33,6556;268;18,12222222;0,744444444;0;1,844444444;4,066666667;2,966666667;2,955555556;2,955555556;48,4545;71,2857;Eastern Europe & Central Asia;Lower Middle Income;Hybrid Regime;3527;3905
2006;Germany;;;;;;;;;;;;;;;;;
2006;Ghana;42,3696;288;38,38043478;1,086956522;0;0;0;1,815217391;0;1,086956522;44,4167;54,125;Sub-Saharan Africa;Low income;Hybrid Regime;1193;1242
2006;Guatemala;46,3152;320;32,92391304;1,086956522;0;0;6,52173913;0;2,52173913;3,260869565;55,5833;54,125;Latin America & Caribbean;Lower Middle Income;Flawed Democracy;4064;4178
2006;Honduras;38,0543;340;27,90217391;0,72826087;0;0;3,989130435;0;4,358695652;1,076086957;52,75;41,5;Latin America & Caribbean;Lower Middle Income;Flawed Democracy;3270;3419
2006;Hungary;;;;;;;;;;;;;;;;;
2006;India;52,8913;356;33,32608696;1,086956522;0,72826087;0;7,608695652;2,173913043;3,989130435;3,97826087;22,1667;54,125;South Asia;Lower Middle Income;Flawed Democracy;2234;2416
2006;Indonesia;41,663;360;28,26086957;1,086956522;0;0;0;3,619565217;5,804347826;2,891304348;55,5833;33,25;East Asia & Pacific;Lower Middle Income;Flawed Democracy;3217;3352
2006;Iraq;;;;;;;;;;;;;;;;;
2006;Italy;;;;;;;;;;;;;;;;;
2006;Japan;;;;;;;;;;;;;;;;;
2006;Jordan;50,1868;400;35,16483516;0,736263736;0;0;7,340659341;0;3,285714286;3,659340659;19,4167;45,75;Middle East & North Africa;Lower Middle Income;Authoritarian Regime;4348;4590
2006;Kazakhstan;43,087;398;27,86956522;0,72826087;0;1,445652174;7,608695652;0;1,804347826;3,630434783;55,6667;33,375;Eastern Europe & Central Asia;Upper middle income;Authoritarian Regime;8699;9529
2006;Kenya;48,1848;404;27,52173913;0,72826087;0;3,260869565;7,619565217;0;5,793478261;3,260869565;33,3333;45,75;Sub-Saharan Africa;Low income;Hybrid Regime;1339;1386
2006;Kyrgyz Republic;;;;;;;;;;;;;;;;;
2006;Lebanon;;;;;;;;;;;;;;;;;
2006;Lesotho;;;;;;;;;;;;;;;;;
2006;Liberia;;;;;;;;;;;;;;;;;
2006;Macedonia;;;;;;;;;;;;;;;;;
2006;Madagascar;;;;;;;;;;;;;;;;;
2006;Malawi;41,7473;454;38,08791209;1,098901099;0;0;1,087912088;0;0;1,472527473;33,1667;41,75;Sub-Saharan Africa;Low income;Hybrid Regime;627;660
2006;Malaysia;;;;;;;;;;;;;;;;;
2006;Mali;;;;;;;;;;;;;;;;;
2006;Mexico;49,9674;484;27,14130435;0,72826087;0;0;8,695652174;2,902173913;6,52173913;3,97826087;36,0833;50;Latin America & Caribbean;Upper middle income;Flawed Democracy;12563;13025
2006;Moldova;;;;;;;;;;;;;;;;;
2006;Mongolia;18,1196;496;2,173913043;0,358695652;0;2,902173913;7,967391304;0;1,086956522;3,630434783;38,9167;54,125;East Asia & Pacific;Lower Middle Income;Flawed Democracy;2613;2802
2006;Morocco;19,1522;504;11,18478261;0,358695652;0;0;6,891304348;0;0,717391304;0;11,0833;0;Middle East & North Africa;Lower Middle Income;Authoritarian Regime;3497;3722
2006;Mozambique;;;;;;;;;;;;;;;;;
2006;Myanmar;;;;;;;;;;;;;;;;;
2006;Namibia;50,0326;516;40,59782609;0,358695652;0;0;4;2,913043478;2,163043478;0;38,8333;37,5;Sub-Saharan Africa;Lower Middle Income;Flawed Democracy;5389;5660
2006;Nepal;35,8696;524;27,89130435;0;0;0;4,347826087;0,358695652;0,72826087;2,543478261;0;20,875;South Asia;Low income;Authoritarian Regime;956;972
2006;New Zealand;86,2759;554;51,75862069;1,149425287;0,770114943;3,448275862;9,195402299;4,218390805;9,218390805;6,517241379;69,5;79,25;East Asia & Pacific;High income;Full Democracy;24876;25026
2006;Nicaragua;20,6413;558;11,2173913;1,086956522;0;0;6,173913043;0;2,163043478;0;22,1667;33,25;Latin America & Caribbean;Lower Middle Income;Hybrid Regime;2314;2369
2006;Niger;;;;;;;;;;;;;;;;;
2006;Nigeria;20,3043;566;16,31521739;0,72826087;0;3,260869565;0;0;0;0;47,25;12,5;Sub-Saharan Africa;Low income;Authoritarian Regime;1737;1801
2006;Norway;72,3258;578;46,46067416;1,123595506;0;0;6;4,123595506;7,865168539;6,752808989;80,6667;87,625;Western Europe & the U.S.;High income;Full Democracy;47305;47996
2006;Pakistan;51,4674;586;35,86956522;0,72826087;0;0;4;1,456521739;5,793478261;3,619565217;24,9167;62,5;South Asia;Low income;Authoritarian Regime;2184;2270
2006;Papua New Guinea;51,8261;598;42,0326087;1,086956522;0;3,260869565;5,086956522;0;0,358695652;0;30,5;37,5;East Asia & Pacific;Low income;Flawed Democracy;1859;1861
2006;Paraguay;;;;;;;;;;;;;;;;;
2006;Peru;76,8261;604;48,19565217;1,086956522;0;3,260869565;8,695652174;3,619565217;7,97826087;3,989130435;58,25;54,25;Latin America & Caribbean;Lower Middle Income;Flawed Democracy;6323;6731
2006;Philippines;51,4457;608;35,89130435;1,086956522;0;0;6,163043478;1,076086957;2,52173913;4,706521739;50;62,5;East Asia & Pacific;Lower Middle Income;Flawed Democracy;2927;3027
2006;Poland;73,5435;616;42,73913043;1,086956522;0;3,260869565;8,695652174;1,445652174;9,793478261;6,52173913;80,5833;87,5;Eastern Europe & Central Asia;Upper middle income;Flawed Democracy;13784;14652
2006;Portugal;;;;;;;;;;;;;;;;;
2006;Qatar;;;;;;;;;;;;;;;;;
2006;Romania;66,3261;642;46,73913043;0,72826087;0;0;8,695652174;0;7,989130435;2,173913043;58,3333;50;Eastern Europe & Central Asia;Upper middle income;Flawed Democracy;8789;9504
2006;Russia;47,2527;643;23,43956044;1,098901099;0;2,197802198;8,054945055;2,945054945;5,494505495;4,021978022;75,0833;58,25;Eastern Europe & Central Asia;Upper middle income;Hybrid Regime;11861;12833
2006;Rwanda;;;;;;;;;;;;;;;;;
2006;Sao Tomé e Príncipe;;;;;;;;;;;;;;;;;
2006;Saudi Arabia;;;;;;;;;;;;;;;;;
2006;Senegal;;;;;;;;;;;;;;;;;
2006;Serbia;;;;;;;;;;;;;;;;;
2006;Sierra Leone;;;;;;;;;;;;;;;;;
2006;Slovakia;;;;;;;;;;;;;;;;;
2006;Slovenia;81,7143;705;45,45054945;1,098901099;0;3,296703297;8,791208791;4,395604396;10,98901099;7,692307692;75,1667;100;Eastern Europe & Central Asia;High income;Full Democracy;23460;24766
2006;Somalia;;;;;;;;;;;;;;;;;
2006;South Africa;85,5326;710;50,73913043;1,086956522;1,086956522;3,260869565;8,695652174;4,347826087;10,15217391;6,163043478;80,5833;83,375;Sub-Saharan Africa;Upper middle income;Flawed Democracy;8504;8862
2006;South Korea;72,9231;410;47,98901099;1,098901099;1,098901099;3,296703297;1,461538462;2,945054945;9,527472527;5,505494505;77,8333;71,5714;East Asia & Pacific;High income;Flawed Democracy;22783;23884
2006;South Sudan;;;;;;;;;;;;;;;;;
2006;Spain;;;;;;;;;;;;;;;;;
2006;Sri Lanka;47,4457;144;32,23913043;1,086956522;0;0;8,695652174;0,72826087;2,163043478;2,532608696;36,3636;20,75;South Asia;Lower Middle Income;Flawed Democracy;3546;3776
2006;Sudan;;;;;;;;;;;;;;;;;
2006;Swaziland;;;;;;;;;;;;;;;;;
2006;Sweden;76,0674;752;46,84269663;1,123595506;1,123595506;3,370786517;8,247191011;0;9,370786517;5,988764045;75;79,125;Western Europe & the U.S.;High income;Full Democracy;32319;33482
2006;Tajikistan;;;;;;;;;;;;;;;;;
2006;Tanzania;47,8261;834;35,85869565;0,72826087;0;1,815217391;6,891304348;0;0;2,532608696;13,9167;20,75;Sub-Saharan Africa;Low income;Hybrid Regime;1065;1105
2006;Thailand;;;;;;;;;;;;;;;;;
2006;Timor-Leste;;;;;;;;;;;;;;;;;
2006;Trinidad and Tobago;;;;;;;;;;;;;;;;;
2006;Tunisia;;;;;;;;;;;;;;;;;
2006;Turkey;41,6522;792;28,60869565;0,72826087;0;2,532608696;8,695652174;0;0;1,086956522;36,1667;37,5;Eastern Europe & Central Asia;Upper middle income;Hybrid Regime;10977;11584
2006;Uganda;31,9011;800;25,65934066;0,736263736;0,736263736;2,56043956;0;0;0;2,208791209;47,25;25;Sub-Saharan Africa;Low income;Hybrid Regime;901;966
2006;Ukraine;;;;;;;;;;;;;;;;;
2006;United Kingdom;87,9091;826;55,69318182;0,761363636;1,136363636;3,034090909;7,954545455;4,170454545;9,852272727;5,306818182;47,25;66,75;Western Europe & the U.S.;High income;Full Democracy;32690;33408
2006;United States;80,9213;840;50,57303371;1,123595506;0;0;8,988764045;4,123595506;8,617977528;7,494382022;88,9167;95,875;Western Europe & the U.S.;High income;Full Democracy;41833;42591
2006;Venezuela;;;;;;;;;;;;;;;;;
2006;Vietnam;2,92308;704;1,461538462;0,736263736;0;0;0;0;0,725274725;0;25;52,4286;East Asia & Pacific;Low income;Authoritarian Regime;2143;2291
2006;Yemen;;;;;;;;;;;;;;;;;
2006;Zambia;37,2826;894;22,09782609;1,086956522;0;3,260869565;3,608695652;0,717391304;4,336956522;2,173913043;33,3333;50;Sub-Saharan Africa;Low income;Hybrid Regime;1127;1169
2006;Zimbabwe;;;;;;;;;;;;;;;;;
2008;Afghanistan;8,33696;4;2,173913043;0,72826087;0;0;4,347826087;0;1,086956522;0;24,2727;6,7;South Asia;Low income;Authoritarian Regime;1023;1019
2008;Albania;37,3297;8;26,7032967;0,362637363;0;0;8,054945055;0;0;2,208791209;41,5833;66,8;Eastern Europe & Central Asia;Lower Middle Income;Hybrid Regime;6395;6755
2008;Algeria;1,81522;12;1,086956522;0,72826087;0;0;0;0;0;0;30,5;16,7;Middle East & North Africa;Lower Middle Income;Authoritarian Regime;7316;7422
2008;Angola;3,97826;24;1,445652174;0,72826087;0,358695652;0;0;0;1,445652174;0;33,3333;10;Sub-Saharan Africa;Lower Middle Income;Authoritarian Regime;4875;5375
2008;Argentina;56,022;32;39,52747253;1,098901099;0;0;7,703296703;0;5,857142857;1,835164835;41,6667;46,7;Latin America & Caribbean;Upper middle income;Flawed Democracy;12506;13220
2008;Australia;;;;;;;;;;;;;;;;;
2008;Azerbaijan;36,5109;31;31,47826087;0,358695652;0;0;0;1,076086957;3,597826087;0;24,9167;10;Eastern Europe & Central Asia;Lower Middle Income;Authoritarian Regime;7395;8101
2008;Bangladesh;41,6522;50;34,75;0,358695652;0;0;6,543478261;0;0;0;8,33333;26,7;South Asia;Low income;Hybrid Regime;1178;1233
2008;Benin;;;;;;;;;;;;;;;;;
2008;Bolivia;6,52174;68;1,086956522;1,086956522;0;0;1,815217391;0;1,815217391;0,717391304;25;39,9;Latin America & Caribbean;Lower Middle Income;Flawed Democracy;3788;3950
2008;Bosnia and Herzegovina;44,2093;70;22,48837209;0,779069767;0;3,488372093;6,209302326;0;5,046511628;6,197674419;44,4167;90;Eastern Europe & Central Asia;Lower Middle Income;Hybrid Regime;5852;6215
2008;Botswana;62;72;44,94565217;1,086956522;0;0;6,532608696;0;5,086956522;4,347826087;55,5833;56,7;Sub-Saharan Africa;Upper middle income;Flawed Democracy;12363;12537
2008;Brazil;74,191;76;49,07865169;1,123595506;0;3,370786517;8,247191011;0;8,617977528;3,752808989;56,7;53,4;Latin America & Caribbean;Upper middle income;Flawed Democracy;9146;9517
2008;Bulgaria;56,7692;100;34,8021978;0,736263736;0;3,296703297;8,791208791;0;8,054945055;1,087912088;25,0833;29,9;Eastern Europe & Central Asia;Upper middle income;Flawed Democracy;8666;9299
2008;Burkina Faso;14,4783;854;1,086956522;0,72826087;0;0;4,347826087;1,804347826;3,97826087;2,532608696;44,5;26,6;Sub-Saharan Africa;Low income;Authoritarian Regime;1062;1072
2008;Burundi;;;;;;;;;;;;;;;;;
2008;Cambodia;10,8804;116;2,902173913;0,358695652;0;0;6,173913043;0;1,445652174;0;11,0833;30;East Asia & Pacific;Low income;Hybrid Regime;1717;1802
2008;Cameroon;5,44565;120;0;0,72826087;0;2,543478261;0;2,173913043;0;0;27,1818;9,9;Sub-Saharan Africa;Lower Middle Income;Authoritarian Regime;1996;2027
2008;Canada;;;;;;;;;;;;;;;;;
2008;Chad;7,97826;148;0,358695652;0,72826087;0;0;0;0;5,445652174;1,445652174;47,25;13,3;Sub-Saharan Africa;Low income;Authoritarian Regime;1271;1234
2008;Chile;;;;;;;;;;;;;;;;;
2008;China;13,7717;156;2,173913043;0;0;0;4,717391304;0;3,989130435;2,891304348;19,4167;63,4;East Asia & Pacific;Lower Middle Income;Authoritarian Regime;5085;5515
2008;Colombia;60,5652;170;41,34782609;1,086956522;0,358695652;2,543478261;5,076086957;0;4,706521739;5,445652174;55,5;80,1;Latin America & Caribbean;Lower Middle Income;Flawed Democracy;8041;8125
2008;Comoros;;;;;;;;;;;;;;;;;
2008;Costa Rica;45,1889;188;32,58888889;1,111111111;0;0;3,333333333;0;5,566666667;2,588888889;54,5455;70,3333;Latin America & Caribbean;Upper middle income;Full Democracy;10247;10374
2008;Cote d'Ivoire;;;;;;;;;;;;;;;;;
2008;Croatia;59,3517;191;38,10989011;1,098901099;1,098901099;3,296703297;6,593406593;0;4,769230769;4,384615385;55,5833;53,2;Eastern Europe & Central Asia;High income;Flawed Democracy;15787;16166
2008;Czech Republic;61,9231;203;41,40659341;0,736263736;0;0;8,065934066;0;7,692307692;4,021978022;72,25;73,3;Eastern Europe & Central Asia;Low income;Full Democracy;22862;23223
2008;Democratic Republic of Congo;0,736264;180;0;0,736263736;0;0;0;0;0;0;8,33333;0;Sub-Saharan Africa;Upper middle income;Authoritarian Regime;281;290
2008;Dominican Republic;11,7033;214;0,362637363;1,098901099;0;0;5,505494505;0;2,912087912;1,824175824;15,0909;53,2;Latin America & Caribbean;Lower Middle Income;Flawed Democracy;7231;7505
2008;Ecuador;39,1304;218;27,5326087;1,086956522;0;0;7,967391304;0;2,543478261;0;27,1818;33,3;Latin America & Caribbean;Lower Middle Income;Hybrid Regime;7022;7402
2008;Egypt;43,4457;818;34,75;0,72826087;0;0;7,608695652;0;0;0,358695652;38,9167;33,3;Middle East & North Africa;Lower Middle Income;Authoritarian Regime;4762;5011
2008;El Salvador;37,3736;222;22,34065934;1,098901099;1,098901099;1,835164835;6,956043956;0;4,043956044;0;61,1667;53,3;Latin America & Caribbean;Lower Middle Income;Flawed Democracy;6151;6280
2008;Equatorial Guinea;0;226;0;0;0;0;0;0;0;0;2,75;0;Sub-Saharan Africa;High income;Authoritarian Regime;28876;31309
2008;Fiji;12,6957;242;1,815217391;1,086956522;0;2,902173913;0;0;3,989130435;2,902173913;57,6364;33,4;East Asia & Pacific;Upper middle income;Hybrid Regime;4043;4025
2008;France;86,8571;250;55,71428571;1,098901099;1,098901099;3,296703297;8,791208791;0;10,98901099;5,868131868;75,0833;70,1;Western Europe & the U.S.;High income;Full Democracy;30636;30595
2008;Georgia;52,8506;268;34,85057471;0,770114943;0,379310345;2,298850575;5,379310345;3,057471264;4,195402299;1,91954023;44,4167;50;Eastern Europe & Central Asia;Lower Middle Income;Hybrid Regime;4444;4586
2008;Germany;64,0667;276;43,7;1,111111111;0;0;8,144444444;1,111111111;4,444444444;5,555555556;91,6667;83,4;Western Europe & the U.S.;High income;Full Democracy;33183;33668
2008;Ghana;49,6413;288;40,55434783;0,72826087;0,72826087;0;6,902173913;0;0;0,72826087;47,3333;36,7;Sub-Saharan Africa;Low income;Hybrid Regime;1285;1351
2008;Guatemala;46;320;35,14130435;1,086956522;0;0;6,880434783;0;2,163043478;0,72826087;50;40;Latin America & Caribbean;Lower Middle Income;Flawed Democracy;4332;4397
2008;Honduras;11,5978;340;0;0,358695652;0;0;5,804347826;0;4,717391304;0,717391304;41,6667;43,3;Latin America & Caribbean;Lower Middle Income;Flawed Democracy;3564;3631
2008;Hungary;;;;;;;;;;;;;;;;;
2008;India;60,4891;356;40,19565217;1,086956522;0,72826087;0;8,336956522;1,086956522;4,347826087;4,706521739;44,5;63,3;South Asia;Lower Middle Income;Flawed Democracy;2600;2721
2008;Indonesia;54,3261;360;28,9673913;1,086956522;0;2,902173913;5,434782609;4,347826087;6,52173913;5,065217391;66,6667;63,3;East Asia & Pacific;Lower Middle Income;Flawed Democracy;3519;3689
2008;Iraq;;;;;;;;;;;;;;;;;
2008;Italy;;;;;;;;;;;;;;;;;
2008;Japan;;;;;;;;;;;;;;;;;
2008;Jordan;52,5109;400;37,29347826;0,72826087;0;1,815217391;7,97826087;0;2,880434783;1,815217391;33,3333;23,3;Middle East & North Africa;Lower Middle Income;Authoritarian Regime;4839;5055
2008;Kazakhstan;34,7717;398;21;1,086956522;0;0;7,608695652;0;2,173913043;2,902173913;58,3333;23,3;Eastern Europe & Central Asia;Upper middle income;Authoritarian Regime;10259;10458
2008;Kenya;57,663;404;39,17391304;1,086956522;0;3,260869565;7,260869565;0;4,347826087;2,532608696;36;49,9;Sub-Saharan Africa;Low income;Hybrid Regime;1446;1432
2008;Kyrgyz Republic;8,33696;417;0;0,72826087;0;0;6,163043478;0;1,086956522;0,358695652;13,9167;36,7;Eastern Europe & Central Asia;Low income;Hybrid Regime;1898;2025
2008;Lebanon;32,2065;422;17,70652174;0,358695652;0;0;8,336956522;0;3,630434783;2,173913043;38,9167;16,6;Middle East & North Africa;Upper middle income;Hybrid Regime;10100;10877
2008;Lesotho;;;;;;;;;;;;;;;;;
2008;Liberia;2,8913;430;0,717391304;1,086956522;0;0;0;0;1,086956522;0;33,3333;23,3;Sub-Saharan Africa;Low income;Hybrid Regime;350;358
2008;Macedonia;54,3696;807;30,44565217;0,72826087;0;0;5,434782609;3,260869565;7,97826087;6,52173913;66,75;86,7;Eastern Europe & Central Asia;Lower Middle Income;Flawed Democracy;7895;8282
2008;Madagascar;;;;;;;;;;;;;;;;;
2008;Malawi;27,5326;454;26,08695652;1,086956522;0;0;0;0;0;0,358695652;16,5833;26,6;Sub-Saharan Africa;Low income;Hybrid Regime;697;744
2008;Malaysia;34,7889;458;24,4;0,366666667;0;0;5,2;0;1,111111111;3,711111111;24,2727;53,4;East Asia & Pacific;Upper middle income;Flawed Democracy;12763;13129
2008;Mali;;;;;;;;;;;;;;;;;
2008;Mexico;54,6957;484;29,69565217;1,086956522;0;2,173913043;8,695652174;2,902173913;6,163043478;3,97826087;42,3636;46,7;Latin America & Caribbean;Upper middle income;Flawed Democracy;13307;13407
2008;Moldova;;;;;;;;;;;;;;;;;
2008;Mongolia;35,8261;496;24,95652174;0,358695652;0;2,902173913;7,608695652;0;0;0;36,0833;46,8;East Asia & Pacific;Lower Middle Income;Flawed Democracy;3053;3286
2008;Morocco;27,5;504;20,25;0,72826087;0;0;5,804347826;0;0,717391304;0;25;3,3;Middle East & North Africa;Lower Middle Income;Authoritarian Regime;3776;3938
2008;Mozambique;;;;;;;;;;;;;;;;;
2008;Myanmar;;;;;;;;;;;;;;;;;
2008;Namibia;46,3804;516;40,95652174;0,358695652;0;0;1,456521739;0;0,717391304;2,891304348;30,5;39,9;Sub-Saharan Africa;Lower Middle Income;Flawed Democracy;5855;5909
2008;Nepal;43,4783;524;29,70652174;1,086956522;0;0;4,706521739;3,619565217;0,72826087;3,630434783;50;46,7;South Asia;Low income;Hybrid Regime;986;1020
2008;New Zealand;85,8851;554;52,13793103;1,149425287;0,770114943;3,448275862;9,195402299;4,218390805;9,218390805;5,747126437;61,1667;76,7;East Asia & Pacific;High income;Full Democracy;25532;25011
2008;Nicaragua;18,7826;558;10,81521739;0,72826087;0;0;5,804347826;0;1,434782609;0;25,0833;23,3;Latin America & Caribbean;Lower Middle Income;Flawed Democracy;2431;2484
2008;Niger;26,0978;562;21,73913043;0,72826087;0;0;0;0;3,630434783;0;63,8333;33,3;Sub-Saharan Africa;Low income;Authoritarian Regime;599;631
2008;Nigeria;19,2065;566;18,47826087;0,72826087;0;0;0;0;0;0;39;10;Sub-Saharan Africa;Low income;Authoritarian Regime;1872;1939
2008;Norway;79,8315;578;51,71910112;1,123595506;1,123595506;0;7,134831461;4,123595506;7,853932584;6,752808989;86,1667;90,1;Western Europe & the U.S.;High income;Full Democracy;48991;49416
2008;Pakistan;38,0217;586;33,30434783;0,72826087;0;0;0;0;0;3,989130435;24,9167;56,7;South Asia;Low income;Hybrid Regime;2348;2344
2008;Papua New Guinea;60,5326;598;39,14130435;1,086956522;0;3,260869565;6,891304348;3,989130435;3,260869565;2,902173913;25;39,9;East Asia & Pacific;Low income;Flawed Democracy;1935;2013
2008;Paraguay;;;;;;;;;;;;;;;;;
2008;Peru;66,6374;604;42,47252747;1,098901099;0;2,197802198;8,791208791;1,461538462;7,318681319;3,296703297;55,5;49,9;Latin America & Caribbean;Lower Middle Income;Flawed Democracy;7242;7858
2008;Philippines;48,2391;608;33,0326087;1,086956522;0;0;6,52173913;1,445652174;2,52173913;3,630434783;41,6667;63,4;East Asia & Pacific;Lower Middle Income;Flawed Democracy;3182;3244
2008;Poland;67;616;36,96703297;1,098901099;0;2,197802198;8,791208791;1,824175824;9,527472527;6,593406593;72,25;90;Eastern Europe & Central Asia;Upper middle income;Flawed Democracy;15655;16418
2008;Portugal;;;;;;;;;;;;;;;;;
2008;Qatar;;;;;;;;;;;;;;;;;
2008;Romania;61,6087;642;48,92391304;0,72826087;0;0;1,086956522;0;9,782608696;1,086956522;52,8333;60;Eastern Europe & Central Asia;Upper middle income;Flawed Democracy;10093;11062
2008;Russia;57,9674;643;36,94565217;1,086956522;1,086956522;2,902173913;8,336956522;0;2,902173913;4,706521739;69,5;73,3;Eastern Europe & Central Asia;Upper middle income;Hybrid Regime;13911;14706
2008;Rwanda;1,44565;646;0;1,086956522;0;0;0;0;0;0,358695652;50;49,9;Sub-Saharan Africa;Low income;Authoritarian Regime;877;949
2008;Sao Tomé e Príncipe;0,728261;678;0;0,72826087;0;0;0;0;0;0;16,6667;30;Sub-Saharan Africa;High income;;1551;1615
2008;Saudi Arabia;1,08696;682;1,086956522;0;0;0;0;0;0;0;0;26,7;Middle East & North Africa;Low income;Authoritarian Regime;21643;22158
2008;Senegal;2,8913;686;0;0,358695652;0;0;1,445652174;0;0;1,086956522;38,8333;20;Sub-Saharan Africa;Low income;Hybrid Regime;1646;1656
2008;Serbia;45,6739;688;36,59782609;0,72826087;0;0;7,260869565;0;1,086956522;0;30,5833;23,3;Eastern Europe & Central Asia;Upper middle income;Flawed Democracy;9509;9668
2008;Sierra Leone;;;;;;;;;;;;;;;;;
2008;Slovakia;;;;;;;;;;;;;;;;;
2008;Slovenia;73,5652;705;41,67391304;1,086956522;0;2,173913043;8,695652174;3,989130435;8,695652174;7,25;75,0833;96,7;Eastern Europe & Central Asia;High income;Full Democracy;26294;27182
2008;Somalia;;;;;;;;;;;;;;;;;
2008;South Africa;87,4556;710;54,47777778;1,111111111;1,111111111;3,333333333;8,155555556;4,444444444;8,9;5,922222222;66,6667;73,3;Sub-Saharan Africa;Upper middle income;Flawed Democracy;9224;9343
2008;South Korea;65,956;410;43,24175824;1,098901099;1,098901099;3,296703297;1,824175824;0;9,527472527;5,868131868;69,4167;70,1;East Asia & Pacific;High income;Full Democracy;25021;25498
2008;South Sudan;;;;;;;;;;;;;;;;;
2008;Spain;;;;;;;;;;;;;;;;;
2008;Sri Lanka;64,1304;144;46,75;1,086956522;0;1,815217391;3,967391304;2,173913043;4,706521739;3,630434783;41,6667;43,4;South Asia;Lower Middle Income;Flawed Democracy;4008;4215
2008;Sudan;0,358696;729;0;0;0;0;0;0;0;0,358695652;19,4167;13,3;Sub-Saharan Africa;Lower Middle Income;Authoritarian Regime;1879;1990
2008;Swaziland;;;;;;;;;;;;;;;;;
2008;Sweden;77,9438;752;47,96629213;1,123595506;1,123595506;3,370786517;8,247191011;0;8,988764045;7,123595506;75;83,4;Western Europe & the U.S.;High income;Full Democracy;34086;33769
2008;Tajikistan;;;;;;;;;;;;;;;;;
2008;Tanzania;35,5217;834;24,98913043;0,72826087;0;0;6,902173913;0;0;2,902173913;24,9167;30,1;Sub-Saharan Africa;Low income;Hybrid Regime;1151;1201
2008;Thailand;39,8043;764;31,83695652;0,72826087;0;0;6,52173913;0;0;0,717391304;50,0833;53,2;East Asia & Pacific;Lower Middle Income;Flawed Democracy;7333;7469
2008;Timor-Leste;;;;;;;;;;;;;;;;;
2008;Trinidad and Tobago;32,6087;780;28,63043478;0,358695652;0;0;0;0;0;3,619565217;19,4167;30,1;Latin America & Caribbean;High income;Flawed Democracy;22551;23250
2008;Tunisia;;;;;;;;;;;;;;;;;
2008;Turkey;43,4783;792;31,16304348;0,72826087;0;1,804347826;8,336956522;0;0,358695652;1,086956522;25;33,3;Eastern Europe & Central Asia;Upper middle income;Hybrid Regime;11973;11932
2008;Uganda;51,087;800;36,58695652;1,086956522;0,358695652;2,902173913;2,173913043;0;4,717391304;3,260869565;33,1667;29,9;Sub-Saharan Africa;Low income;Hybrid Regime;1016;1077
2008;Ukraine;55,3187;804;38,46153846;0,736263736;1,098901099;2,197802198;4,769230769;0;2,923076923;5,131868132;38,9167;73,4;Eastern Europe & Central Asia;Lower Middle Income;Flawed Democracy;6547;6721
2008;United Kingdom;88,0337;826;55,80898876;0,752808989;1,123595506;3;8,988764045;4,123595506;8,617977528;5,617977528;52,8333;76,7;Western Europe & the U.S.;High income;Full Democracy;34192;34204
2008;United States;82,2556;840;52,24444444;1,111111111;0;0;8,888888889;4,077777778;8,155555556;7,777777778;88,9167;100;Western Europe & the U.S.;High income;Full Democracy;43031;42809
2008;Venezuela;35,4674;862;25,68478261;1,086956522;0;0;3,27173913;0;2,891304348;2,532608696;30,4167;43,2;Latin America & Caribbean;Upper middle income;Hybrid Regime;11480;11839
2008;Vietnam;9,77174;704;1,815217391;0,72826087;0;0;4,717391304;0;1,076086957;1,434782609;30,5833;39,9;East Asia & Pacific;Low income;Authoritarian Regime;2455;2574
2008;Yemen;9,79348;887;2,173913043;1,086956522;0;0;6,532608696;0;0;0;25;26,7;Middle East & North Africa;Low income;Authoritarian Regime;2210;2232
2008;Zambia;48,1739;894;28,97826087;1,086956522;0;2,902173913;6,880434783;0;5,423913043;2,902173913;38,9167;53,4;Sub-Saharan Africa;Low income;Hybrid Regime;1212;1253
2008;Zimbabwe;;;;;;;;;;;;;;;;;
2010;Afghanistan;21,0326;4;2,902173913;1,086956522;0;0;7,608695652;3,989130435;2,902173913;2,543478261;47,1667;26,7;South Asia;Low Income;Authoritarian Regime;935,05;996,19
2010;Albania;32,9674;8;21,72826087;0,72826087;0;0;6,891304348;0;1,804347826;1,815217391;44,5;50;Eastern Europe & Central Asia;Lower Middle Income;Hybrid Regime;7163,8;7342,33
2010;Algeria;0,728261;12;0;0,72826087;0;0;0;0;0;0;33,3333;13,4;Middle East & North Africa;Upper Middle Income;Authoritarian Regime;6869,05;7124,38
2010;Angola;26,0652;24;22,07608696;1,086956522;0;0;0;0;2,902173913;0;22,25;10;Sub-Saharan Africa;Lower Middle Income;Authoritarian Regime;6116,52;6401,09
2010;Argentina;56,3846;32;39,16483516;1,098901099;0;0;8,428571429;0;5,857142857;1,835164835;41,6667;46,7;Latin America & Caribbean;Upper Middle Income;Flawed Democracy;14560,9;15030,4
2010;Australia;;;;;;;;;;;;;;;;;
2010;Azerbaijan;43,413;31;32,20652174;0,358695652;0;0;4,706521739;1,434782609;2,163043478;2,543478261;33,25;20;Eastern Europe & Central Asia;Lower Middle Income;Authoritarian Regime;9563,92;9809,53
2010;Bangladesh;47,8261;50;40,20652174;0,72826087;0;0;6,891304348;0;0;0;27,75;30;South Asia;Low Income;Hybrid Regime;1465;1527,02
2010;Benin;;;;;;;;;;;;;;;;;
2010;Bolivia;13,413;68;1,086956522;1,086956522;0;0;7,97826087;0;1,086956522;2,173913043;41,6667;36,6;Latin America & Caribbean;Lower Middle Income;Hybrid Regime;4454,99;4575,65
2010;Bosnia and Herzegovina;44,3294;70;21,56470588;0,388235294;0;3,529411765;7,070588235;0;5,105882353;6,670588235;33,25;93,4;Eastern Europe & Central Asia;Upper Middle Income;Hybrid Regime;7361,14;7427,65
2010;Botswana;50,75;72;41,67391304;1,086956522;0;0;0;0;3,641304348;4,347826087;55,5833;73,3;Sub-Saharan Africa;Upper Middle Income;Flawed Democracy;13992,4;14783,6
2010;Brazil;71,3913;76;47,84782609;1,086956522;0;3,260869565;8,695652174;0;6,163043478;4,336956522;48,3636;83,3;Latin America & Caribbean;Upper Middle Income;Flawed Democracy;10513,8;11065,6
2010;Bulgaria;55,6923;100;35,18681319;0,736263736;0;3,296703297;8,791208791;0;6,593406593;1,087912088;44,5;33,3;Eastern Europe & Central Asia;Upper Middle Income;Flawed Democracy;11900,3;12066,5
2010;Burkina Faso;5,44565;854;0;1,086956522;0;0;4,358695652;0;0;0;63,9167;23,3;Sub-Saharan Africa;Low Income;Authoritarian Regime;1304,46;1340,59
2010;Burundi;;;;;;;;;;;;;;;;;
2010;Cambodia;14,5217;116;2,902173913;0,72826087;0;2,173913043;5,815217391;0;2,902173913;0;30,5833;33,3;East Asia & Pacific;Low Income;Hybrid Regime;2014,98;2084,02
2010;Cameroon;2,17391;120;0;0,358695652;0;1,815217391;0;0;0;0;13,75;3,3;Sub-Saharan Africa;Lower Middle Income;Authoritarian Regime;2146,89;2163,36
2010;Canada;;;;;;;;;;;;;;;;;
2010;Chad;0,358696;148;0;0,358695652;0;0;0;0;0;0;16,5833;6,7;Sub-Saharan Africa;Low Income;Authoritarian Regime;1611,71;1652,51
2010;Chile;72,1304;152;51,09782609;1,086956522;0,72826087;0;6,532608696;2,902173913;5,434782609;4,347826087;30,5;80;Latin America & Caribbean;Upper Middle Income;Flawed Democracy;14340,9;14939,6
2010;China;13,0435;156;0;0;0;0;6,532608696;0;2,891304348;3,619565217;2,75;56,7;East Asia & Pacific;Lower Middle Income;Authoritarian Regime;6567;7239,91
2010;Colombia;60,5326;170;46,75;0,72826087;0;1,086956522;7,97826087;0;3,260869565;0,72826087;52,75;66,7;Latin America & Caribbean;Upper Middle Income;Flawed Democracy;8936,41;9091,9
2010;Comoros;;;;;;;;;;;;;;;;;
2010;Costa Rica;46,6222;188;38,5;1,111111111;0;0;0;0;4,055555556;2,955555556;54,5455;70,3333;Latin America & Caribbean;Upper Middle Income;Full Democracy;10579,3;10686,9
2010;Cote d'Ivoire;;;;;;;;;;;;;;;;;
2010;Croatia;56,8022;191;33,71428571;1,098901099;0;3,296703297;8,428571429;0;4,769230769;5,494505495;61,0833;73,4;Eastern Europe & Central Asia;High Income;Flawed Democracy;17703,3;17856,5
2010;Czech Republic;62,2857;203;40,67032967;0,736263736;0;0;8,428571429;0;7,692307692;4,758241758;80,6667;66,7;Eastern Europe & Central Asia;High Income;Full Democracy;24093,3;24832,8
2010;Democratic Republic of Congo;5,81522;180;2,543478261;0,72826087;0,72826087;0;1,815217391;0;0;0;16,75;20;Sub-Saharan Africa;Low Income;Authoritarian Regime;332,05;342,24
2010;Dominican Republic;14,3187;214;0;1,098901099;0;0;5,879120879;0;5,516483516;1,824175824;21,1818;33,2222;Latin America & Caribbean;Upper Middle Income;Flawed Democracy;8896,22;9139,24
2010;Ecuador;31,1209;218;21,24175824;1,098901099;0;0;6,956043956;0;1,824175824;0;21,1818;39,9;Latin America & Caribbean;Lower Middle Income;Hybrid Regime;7880,71;8021,84
2010;Egypt;48,587;818;32,98913043;0,72826087;0;0;7,97826087;1,815217391;5,076086957;0;41,75;30;Middle East & North Africa;Lower Middle Income;Authoritarian Regime;6123,06;6347,35
2010;El Salvador;36,989;222;21,6043956;1,098901099;1,098901099;1,461538462;6,956043956;0;4,769230769;0;41,6667;53,3;Latin America & Caribbean;Lower Middle Income;Flawed Democracy;7365,78;7442,51
2010;Equatorial Guinea;0;226;0;0;0;0;0;0;0;0;13,9167;0;Sub-Saharan Africa;High Income;Authoritarian Regime;18599,6;18371,8
2010;Fiji;0;242;0;0;0;0;0;0;0;0;0;6,6;East Asia & Pacific;Upper Middle Income;Authoritarian Regime;4358,61;4445,63
2010;France;86,8242;250;54,21978022;1,098901099;1,098901099;3,296703297;8,428571429;1,461538462;10,98901099;6,230769231;72,3333;76,7;Western Europe & the U.S.;High Income;Flawed Democracy;33678,5;34249,8
2010;Georgia;54,6966;268;38,59550562;0,752808989;0;3;7,123595506;0;2,606741573;2,617977528;47,1667;53,3;Eastern Europe & Central Asia;Lower Middle Income;Hybrid Regime;4757,24;4882,12
2010;Germany;68,1778;276;45,18888889;1,111111111;0;0;8,522222222;2,6;4,822222222;5,933333333;77,75;86,7;Western Europe & the U.S.;High Income;Full Democracy;34212,3;34905,1
2010;Ghana;54,3913;288;40,97826087;0,72826087;0;0;0;3,630434783;3,97826087;5,076086957;61,1667;63,4;Sub-Saharan Africa;Low Income;Flawed Democracy;1550,83;1591,11
2010;Guatemala;50;320;36,25;1,086956522;0;0;6,880434783;0;2,52173913;3,260869565;49,9167;53,3;Latin America & Caribbean;Lower Middle Income;Flawed Democracy;4839,55;4874,55
2010;Honduras;10,8696;340;0;0,72826087;0;0;6,891304348;0;2,891304348;0,358695652;36,1667;39,9;Latin America & Caribbean;Lower Middle Income;Hybrid Regime;4150,79;4175,29
2010;Hungary;;;;;;;;;;;;;;;;;
2010;India;66,6923;356;43,23076923;1,098901099;0,736263736;0;8,428571429;3,307692308;4,395604396;5,494505495;50;66,7;South Asia;Lower Middle Income;Flawed Democracy;2940,74;3176,15
2010;Indonesia;50,6848;360;37,65217391;1,086956522;0;2,532608696;0;4,347826087;0;5,065217391;55,5833;59,9;East Asia & Pacific;Lower Middle Income;Flawed Democracy;4156,7;4379,66
2010;Iraq;0,358696;368;0;0;0;0;0;0;0;0,358695652;30,5833;46,6;Middle East & North Africa;Lower Middle Income;Hybrid Regime;3569,88;3757,92
2010;Italy;57,8901;380;34,42857143;1,098901099;0;3,296703297;5,505494505;2,934065934;5,494505495;5,131868132;72,3333;73,4;Western Europe & the U.S.;High Income;Flawed Democracy;29109,5;29347,1
2010;Japan;;;;;;;;;;;;;;;;;
2010;Jordan;50;400;34,40217391;0,72826087;0;1,445652174;7,619565217;0;4;1,804347826;36,0833;26,7;Middle East & North Africa;Lower Middle Income;Authoritarian Regime;5620,04;5758,51
2010;Kazakhstan;38,0769;398;24,9010989;1,098901099;0;0;6,593406593;0;1,824175824;3,659340659;58,25;43,3;Eastern Europe & Central Asia;Upper Middle Income;Authoritarian Regime;11693,4;12044,5
2010;Kenya;49,2935;404;35,15217391;0,72826087;0;3,260869565;6,532608696;0;0;3,619565217;58,3333;56,6;Sub-Saharan Africa;Low Income;Hybrid Regime;1729,61;1782,03
2010;Kyrgyz Republic;15,2609;417;2,902173913;0,72826087;0;0;6,173913043;0;5,456521739;0;44,4167;46,7;Eastern Europe & Central Asia;Low Income;Hybrid Regime;2253,49;2341,22
2010;Lebanon;31,8681;422;20,14285714;0;0;0;8,065934066;0;3,659340659;0;30,5833;13,3;Middle East & North Africa;Upper Middle Income;Hybrid Regime;14225,9;14988,4
2010;Lesotho;;;;;;;;;;;;;;;;;
2010;Liberia;39,5109;430;22,09782609;0;0;0;7,260869565;3,619565217;3,630434783;2,902173913;47,1667;50,1;Sub-Saharan Africa;Low Income;Hybrid Regime;424,29;433,93
2010;Macedonia;48,5652;807;30,80434783;0,72826087;0;0;5,804347826;0,717391304;3,989130435;6,52173913;61,25;80;Eastern Europe & Central Asia;Upper Middle Income;Flawed Democracy;9170,67;9390,42
2010;Madagascar;;;;;;;;;;;;;;;;;
2010;Malawi;47,1196;454;34,42391304;0;0,72826087;0;6,52173913;0;5,445652174;0;16,5833;23,3;Sub-Saharan Africa;Low Income;Hybrid Regime;884,73;925,25
2010;Malaysia;38,8242;458;28,91208791;0,362637363;0;0;5,142857143;0;0,736263736;3,67032967;30,3636;53,4;East Asia & Pacific;Upper Middle Income;Flawed Democracy;13769,3;14275,4
2010;Mali;35,1413;466;29,33695652;1,086956522;0;0;0;2,184782609;1,445652174;1,086956522;66,75;53,3;Sub-Saharan Africa;Low Income;Flawed Democracy;1172,99;1213,59
2010;Mexico;51,989;484;32,93406593;0,736263736;0;1,835164835;8,428571429;0;5,131868132;2,923076923;45,4545;50;Latin America & Caribbean;Upper Middle Income;Flawed Democracy;13628,1;14151,3
2010;Moldova;;;;;;;;;;;;;;;;;
2010;Mongolia;59,8043;496;39,5;0,72826087;0;2,902173913;7,608695652;0;5,434782609;3,630434783;55,5833;56,7;East Asia & Pacific;Lower Middle Income;Flawed Democracy;3481,05;3702,61
2010;Morocco;28,2065;504;25,30434783;0,72826087;0;0;1,815217391;0;0,358695652;0;33,3333;13,3;Middle East & North Africa;Lower Middle Income;Authoritarian Regime;4604,22;4745,2
2010;Mozambique;28,2391;508;26,43478261;1,086956522;0;0;0;0;0,358695652;0,358695652;47,25;26,6;Sub-Saharan Africa;Low Income;Hybrid Regime;933,83;981,32
2010;Myanmar;;;;;;;;;;;;;;;;;
2010;Namibia;52,7802;516;42,89010989;0,362637363;0;0;1,472527473;0;4,769230769;3,285714286;30,5;49,9;Sub-Saharan Africa;Upper Middle Income;Flawed Democracy;6614,02;6717,03
2010;Nepal;44,9783;524;30,81521739;0;0;0;5,086956522;2,902173913;3,27173913;2,902173913;30,5;56,7;South Asia;Low Income;Hybrid Regime;1205,27;1237,54
2010;New Zealand;90,1034;554;55,59770115;1,149425287;0,770114943;3,448275862;8,425287356;4,218390805;8,827586207;7,666666667;66,6667;93,4;East Asia & Pacific;High Income;Full Democracy;26707,8;27364,6
2010;Nicaragua;36,5543;558;26,05434783;0,358695652;0;0;5,815217391;0;2,52173913;1,804347826;27,8333;23,3;Latin America & Caribbean;Lower Middle Income;Hybrid Regime;2626,88;2635,9
2010;Niger;3,27174;562;2,543478261;0,72826087;0;0;0;0;0;0;55,5833;23,3;Sub-Saharan Africa;Low Income;Authoritarian Regime;719,14;733,31
2010;Nigeria;17,7717;566;7,97826087;1,086956522;0,72826087;2,543478261;5,434782609;0;0;0;58,4167;16,6;Sub-Saharan Africa;Lower Middle Income;Authoritarian Regime;2249,04;2357,83
2010;Norway;83,2135;578;53,23595506;1,123595506;1,123595506;0;7,505617978;4,123595506;8,606741573;7,494382022;88,9167;96,7;Western Europe & the U.S.;High Income;Full Democracy;52561,3;52964,3
2010;Pakistan;38,4239;586;36,25;1,086956522;0;0;0;0;0;1,086956522;27,6667;43,4;South Asia;Lower Middle Income;Hybrid Regime;2661,02;2713,27
2010;Papua New Guinea;56,9022;598;43,85869565;0;0;3,260869565;0;3,989130435;4,706521739;1,086956522;25;33,3;East Asia & Pacific;Lower Middle Income;Flawed Democracy;2166,66;2302,36
2010;Paraguay;;;;;;;;;;;;;;;;;
2010;Peru;64,8022;604;42,84615385;1,098901099;0;0;8,791208791;1,824175824;6,945054945;3,296703297;63,8333;56,6;Latin America & Caribbean;Upper Middle Income;Flawed Democracy;8638,43;9107,55
2010;Philippines;55,1413;608;39,92391304;1,086956522;0;0;7,97826087;0;2,52173913;3,630434783;50,0833;60;East Asia & Pacific;Lower Middle Income;Flawed Democracy;3520,59;3603,51
2010;Poland;64,4505;616;35,89010989;1,098901099;0;1,461538462;8,791208791;1,824175824;9,89010989;5,494505495;72,25;80;Eastern Europe & Central Asia;Upper Middle Income;Flawed Democracy;18072,4;18705,9
2010;Portugal;57,5682;620;39,38636364;1,136363636;0;0;9,090909091;0;4,920454545;3,034090909;69,5;53,3;Western Europe & the U.S.;High Income;Full Democracy;21858,7;22026,7
2010;Qatar;;;;;;;;;;;;;;;;;
2010;Romania;58,6848;642;45,27173913;0,72826087;0;0;1,815217391;0;8,706521739;2,163043478;33,3333;63,3;Eastern Europe & Central Asia;Upper Middle Income;Flawed Democracy;11917,3;12131,4
2010;Russia;60,163;643;36,59782609;1,086956522;0;2,902173913;8,336956522;0;6,163043478;5,076086957;69,5;76,7;Eastern Europe & Central Asia;Upper Middle Income;Hybrid Regime;14920;15737,7
2010;Rwanda;10,8696;646;1,086956522;1,086956522;1,086956522;2,184782609;0;0;2,891304348;2,532608696;52,75;53,4;Sub-Saharan Africa;Low Income;Authoritarian Regime;1149,87;1195,12
2010;Sao Tomé e Príncipe;0;678;0;0;0;0;0;0;0;0;13,9167;30;Sub-Saharan Africa;Lower Middle Income;;1814,13;1878,33
2010;Saudi Arabia;1,08696;682;1,086956522;0;0;0;0;0;0;0;0;23,4;Middle East & North Africa;High Income;Authoritarian Regime;23221,4;23701,3
2010;Senegal;2,88043;686;0;0,358695652;0;0;1,804347826;0;0;0,717391304;25;23,3;Sub-Saharan Africa;Low Income;Hybrid Regime;1743,1;1772,88
2010;Serbia;53,6196;688;40,92391304;0,72826087;0;2,532608696;6,902173913;0;2,532608696;0;38,9167;30;Eastern Europe & Central Asia;Upper Middle Income;Flawed Democracy;10635,4;10897,5
2010;Sierra Leone;;;;;;;;;;;;;;;;;
2010;Slovakia;56,7912;703;35,53846154;0,736263736;0;1,472527473;8,054945055;1,835164835;6,956043956;2,197802198;45,4545;66,7;Eastern Europe & Central Asia;High Income;Flawed Democracy;21244,9;22246
2010;Slovenia;69,5652;705;40,2173913;1,086956522;0;0;8,695652174;3,989130435;8,326086957;7,25;75,0833;96,7;Eastern Europe & Central Asia;High Income;Flawed Democracy;27654,3;28118,1
2010;Somalia;;;;;;;;;;;;;;;;;
2010;South Africa;92,3407;710;58,26373626;1,098901099;1,098901099;3,296703297;8,791208791;4,395604396;9,901098901;5,494505495;86,1667;73,3;Sub-Saharan Africa;Upper Middle Income;Flawed Democracy;10243,6;10466,3
2010;South Korea;71,1444;410;47,06666667;1,111111111;1,111111111;3,333333333;2,222222222;0;9,255555556;7,044444444;72,1667;76,8;East Asia & Pacific;High Income;Full Democracy;27977,9;29350,9
2010;South Sudan;;;;;;;;;;;;;;;;;
2010;Spain;62,9778;724;48,91111111;1,111111111;0;0;4,8;0;4,822222222;3,333333333;44,4167;50;Western Europe & the U.S.;High Income;Full Democracy;29689,3;29648,8
2010;Sri Lanka;67,0978;144;42,41304348;1,086956522;1,086956522;2,543478261;5,456521739;2,902173913;7,619565217;3,989130435;80,6667;56,7;South Asia;Lower Middle Income;Flawed Democracy;4768,54;5026,01
2010;Sudan;7,97826;729;2,543478261;0,72826087;0;0;0;0;1,445652174;3,260869565;19,4167;33,4;Sub-Saharan Africa;Lower Middle Income;Authoritarian Regime;2380,27;2464,9
2010;Swaziland;;;;;;;;;;;;;;;;;
2010;Sweden;83,1798;752;51,70786517;1,123595506;1,123595506;3,370786517;8,247191011;0;9,741573034;7,865168539;80,5833;96,3333;Western Europe & the U.S.;High Income;Full Democracy;35964,8;36502,7
2010;Tajikistan;;;;;;;;;;;;;;;;;
2010;Tanzania;44,6304;834;34,10869565;0;0;0;6,891304348;0;0;3,630434783;24,9167;50,1;Sub-Saharan Africa;Low Income;Hybrid Regime;1415,94;1484,05
2010;Thailand;41,8876;764;35,85714286;1,098901099;0;0;3,648351648;0;0;1,087912088;49,9167;56,6;East Asia & Pacific;Lower Middle Income;Flawed Democracy;8059,8;8478,66
2010;Timor-Leste;34,131;626;29,35714286;0;0;0;3,583333333;0;1,19047619;0;27,75;0;East Asia & Pacific;Lower Middle Income;Flawed Democracy;2521,73;2676,96
2010;Trinidad and Tobago;32,913;780;29,2826087;0,72826087;0;0;0;0;0;2,902173913;38,8333;43,4;Latin America & Caribbean;High Income;Flawed Democracy;19817,9;20328,5
2010;Tunisia;;;;;;;;;;;;;;;;;
2010;Turkey;56,5109;792;36,57608696;0,72826087;0;2,543478261;8,695652174;0;5,793478261;2,173913043;25;36,6;Eastern Europe & Central Asia;Upper Middle Income;Hybrid Regime;12476,5;13050,9
2010;Uganda;55,4457;800;39,15217391;1,086956522;0,72826087;2,902173913;3,619565217;1,086956522;3,608695652;3,260869565;38,8333;33,2;Sub-Saharan Africa;Low Income;Hybrid Regime;1195,52;1226,92
2010;Ukraine;62,2747;804;42,13186813;0,736263736;0;2,197802198;8,054945055;0;4,021978022;5,131868132;36,1667;63,4;Eastern Europe & Central Asia;Lower Middle Income;Flawed Democracy;6339,15;6650,59
2010;United Kingdom;87,2921;826;54,31460674;0,752808989;1,123595506;3,370786517;8,988764045;4,123595506;8,617977528;6;52,8333;80,1;Western Europe & the U.S.;High Income;Full Democracy;34619;35082,8
2010;United States;81,8889;840;51,87777778;1,111111111;0;0;8,888888889;4,077777778;8,155555556;7,777777778;88,9167;100;Western Europe & the U.S.;High Income;Full Democracy;46380,9;47701,8
2010;Venezuela;34,0217;862;28,23913043;1,086956522;0;0;0;0;2,52173913;2,173913043;36;46,7;Latin America & Caribbean;Upper Middle Income;Hybrid Regime;12201;11727
2010;Vietnam;13,7609;704;2,532608696;0,72826087;0;0;7,260869565;0;0,717391304;2,52173913;30,5833;43,3;East Asia & Pacific;Low Income;Authoritarian Regime;2942,11;3104,18
2010;Yemen;24,6304;887;16,65217391;0,358695652;0;0;6,891304348;0;0,72826087;0;16,6667;26,7;Middle East & North Africa;Low Income;Authoritarian Regime;2457,78;2589,65
2010;Zambia;35,8696;894;24,63043478;1,086956522;0;2,902173913;0;1,445652174;3,630434783;2,173913043;47,25;56,7;Sub-Saharan Africa;Low Income;Hybrid Regime;1541,68;1612,03
2010;Zimbabwe;;;;;;;;;;;;;;;;;
2012;Afghanistan;58,6154;4;40,2967033;1,098901099;2,56043956;3,296703297;7,692307692;0;3,67032967;0;48,4545;75;South Asia;Low Income;Authoritarian Regime;956,45;1007,95
2012;Albania;46,6947;8;30,53684211;1,052631579;0;3,157894737;8,073684211;0;0;3,873684211;51,5455;100;Eastern Europe & Central Asia;Lower Middle Income;Hybrid Regime;7741,43;7840,62
2012;Algeria;13,3263;12;12,27368421;1,052631579;0;0;0;0;0;0;21,1818;33,5;Middle East & North Africa;Upper Middle Income;Authoritarian Regime;7333,23;7541,85
2012;Angola;27,6947;24;18,22105263;1,052631579;0;0;6,673684211;0;1,747368421;0;18,1818;25;Sub-Saharan Africa;Lower Middle Income;Authoritarian Regime;5894,62;6356,02
2012;Argentina;50,0213;32;32,9787234;1,063829787;0;0;8,159574468;0;5,329787234;2,489361702;29,9;75;Latin America & Caribbean;Upper Middle Income;Flawed Democracy;17516,2;18318,7
2012;Australia;;;;;;;;;;;;;;;;;
2012;Azerbaijan;42,4211;31;32,61052632;0,347368421;0;0;3,863157895;0,694736842;2,8;2,105263158;39,3636;33,25;Eastern Europe & Central Asia;Lower Middle Income;Authoritarian Regime;10201,6;10568,4
2012;Bangladesh;57,9263;50;46,33684211;0,705263158;0;0;7,368421053;2,810526316;0;0,705263158;57,5455;66,75;South Asia;Low Income;Hybrid Regime;1692,96;1790,27
2012;Benin;1,4;204;1,052631579;0,347368421;0;0;0;0;0;0;45,4545;41,5;Sub-Saharan Africa;Low Income;Flawed Democracy;1481,06;1510,26
2012;Bolivia;11,9368;68;1,052631579;1,052631579;0;0;6,684210526;0;1,4;1,747368421;45,4545;75;Latin America & Caribbean;Lower Middle Income;Hybrid Regime;4789,21;4995,97
2012;Bosnia and Herzegovina;49,8202;70;28,83146067;0,370786517;0;3,370786517;6,370786517;0;4,876404494;6;42,3636;100;Eastern Europe & Central Asia;Upper Middle Income;Hybrid Regime;8133;8250,62
2012;Botswana;49,5158;72;37,21052632;0,705263158;2,463157895;2,463157895;0;0;2,810526316;3,863157895;57,6364;100;Sub-Saharan Africa;Upper Middle Income;Flawed Democracy;16029,8;16578,6
2012;Brazil;73,021;76;47,75789474;1,052631579;2,452631579;2,810526316;6,673684211;0;7,021052632;5,252631579;60,6364;100;Latin America & Caribbean;Upper Middle Income;Flawed Democracy;11769,4;12181,3
2012;Bulgaria;65,3053;100;38,62105263;0,705263158;0;3,157894737;8,421052632;2,105263158;8,084210526;4,210526316;30,2727;66,75;Eastern Europe & Central Asia;Upper Middle Income;Flawed Democracy;13597,4;14020,6
2012;Burkina Faso;22,7895;854;17,51578947;0,347368421;0;2,463157895;0;0;2,463157895;0;75,8182;50;Sub-Saharan Africa;Low Income;Authoritarian Regime;1466,14;1524,06
2012;Burundi;;;;;;;;;;;;;;;;;
2012;Cambodia;14,7579;116;3,157894737;0,705263158;0;2,105263158;5,978947368;0;2,810526316;0;39,3636;58,25;East Asia & Pacific;Low Income;Hybrid Regime;2215,69;2360,69
2012;Cameroon;10,1789;120;1,052631579;0,347368421;0;1,757894737;6,326315789;0;0;0,694736842;21,0909;8,25;Sub-Saharan Africa;Lower Middle Income;Authoritarian Regime;2257,13;2321,73
2012;Canada;;;;;;;;;;;;;;;;;
2012;Chad;2,81053;148;2,105263158;0,705263158;0;0;0;0;0;0;45,6364;41,5;Sub-Saharan Africa;Low Income;Authoritarian Regime;1865,12;1969,91
2012;Chile;66,3298;152;44,70212766;1,063829787;1,765957447;0;6,042553191;2,478723404;5,670212766;4,606382979;66,6364;100;Latin America & Caribbean;Upper Middle Income;Flawed Democracy;17221,7;17974,2
2012;China;10,8947;156;0;0;0;0;6,326315789;0;2,105263158;2,463157895;12,0909;25;East Asia & Pacific;Upper Middle Income;Authoritarian Regime;8382,01;9142,67
2012;Colombia;58,2737;170;42,46315789;1,052631579;0;1,052631579;7,031578947;0;3,863157895;2,810526316;70;100;Latin America & Caribbean;Upper Middle Income;Flawed Democracy;10248,6;10742,4
2012;Comoros;;;;;;;;;;;;;;;;;
2012;Costa Rica;49,9778;188;40,35555556;1,111111111;0;0;0;0;5,555555556;2,955555556;69,7273;100;Latin America & Caribbean;Upper Middle Income;Full Democracy;11927,5;12424,7
2012;Cote d'Ivoire;;;;;;;;;;;;;;;;;
2012;Croatia;61,3789;191;39,27368421;1,052631579;0;3,157894737;7,715789474;0;5,968421053;4,210526316;66,7273;75;Eastern Europe & Central Asia;High Income;Flawed Democracy;18191,7;18331
2012;Czech Republic;74,9247;203;47,32258065;0,720430108;0;2,150537634;8,247311828;4,301075269;7,161290323;5,021505376;75,8182;91,75;Eastern Europe & Central Asia;High Income;Full Democracy;27062,2;27380,6
2012;Democratic Republic of Congo;18,0957;180;15,96808511;0;0;0;2,127659574;0;0;0;45,4545;41,5;Sub-Saharan Africa;Low Income;Authoritarian Regime;348,1;364,48
2012;Dominican Republic;29,0842;214;20,32631579;1,052631579;0;0;3,515789474;0;2,094736842;2,094736842;63,6364;66,5;Latin America & Caribbean;Upper Middle Income;Flawed Democracy;9286,72;9654,67
2012;Ecuador;30,5158;218;17,86315789;1,052631579;0;2,463157895;5,968421053;0;3,168421053;0;40,6667;58,25;Latin America & Caribbean;Upper Middle Income;Hybrid Regime;8492,43;8854
2012;Egypt;13,3368;818;1,4;0,705263158;0;0;7,368421053;0;3,863157895;0;57,5455;50;Middle East & North Africa;Lower Middle Income;Hybrid Regime;6539,84;6594
2012;El Salvador;43,4947;222;29,46315789;1,052631579;1,4;0;6,663157895;0;4,915789474;0;54,5455;100;Latin America & Caribbean;Lower Middle Income;Flawed Democracy;7549,79;7745,98
2012;Equatorial Guinea;0;226;0;0;0;0;0;0;0;0;9,09091;0;Sub-Saharan Africa;High Income;Authoritarian Regime;19355,5;19818,1
2012;Fiji;5,63158;242;2,115789474;1,052631579;0;2,463157895;0;0;0;0;0;8,25;East Asia & Pacific;Lower Middle Income;Authoritarian Regime;4620,19;4728,06
2012;France;82,8105;250;50,88421053;1,052631579;1,042105263;3,157894737;8,421052632;2,810526316;9,473684211;5,968421053;85;91,75;Western Europe & the U.S.;High Income;Flawed Democracy;35156,4;35613,4
2012;Georgia;55,3187;268;46,16483516;1,098901099;0;3,296703297;0;0;0;4,758241758;81,9091;91,75;Eastern Europe & Central Asia;Lower Middle Income;Hybrid Regime;5491,09;5929,33
2012;Germany;71,3441;276;47,68817204;1,075268817;0;2,870967742;8,247311828;1,430107527;5,376344086;4,655913978;81,8182;100;Western Europe & the U.S.;High Income;Full Democracy;37896,9;38695,9
2012;Ghana;49,8;288;35,06315789;0,347368421;0;0;7,021052632;2,105263158;0;5,263157895;78,9091;91,75;Sub-Saharan Africa;Lower Middle Income;Flawed Democracy;3083,29;3312,71
2012;Guatemala;50,5158;320;33,32631579;1,052631579;2,105263158;1,747368421;6,673684211;0;2,8;2,810526316;42,4545;100;Latin America & Caribbean;Lower Middle Income;Hybrid Regime;5069,69;5164,71
2012;Honduras;53,3263;340;36,48421053;1,052631579;1,747368421;2,105263158;6,326315789;1,042105263;2,452631579;2,115789474;66,7273;66,5;Latin America & Caribbean;Lower Middle Income;Hybrid Regime;4345,15;4461,21
2012;Hungary;;;;;;;;;;;;;;;;;
2012;India;67,7579;356;44,23157895;1,052631579;1,757894737;0;7,715789474;3,515789474;4,221052632;5,263157895;75,7273;100;South Asia;Lower Middle Income;Flawed Democracy;3693,53;3944,3
2012;Indonesia;61,7158;360;41;1,052631579;1,757894737;2,810526316;0;3,863157895;5,968421053;5,263157895;84,8182;66,75;East Asia & Pacific;Lower Middle Income;Flawed Democracy;4666,01;4943,57
2012;Iraq;3,86316;368;1,052631579;0,705263158;0;0;0;0;1,052631579;1,052631579;51,4545;66,75;Middle East & North Africa;Lower Middle Income;Hybrid Regime;3885,62;4271,6
2012;Italy;60,2979;380;34,76595745;1,063829787;1,414893617;3,191489362;7,095744681;2,127659574;5,319148936;5,319148936;69,7273;66,75;Western Europe & the U.S.;High Income;Flawed Democracy;30464,4;30132,6
2012;Japan;;;;;;;;;;;;;;;;;
2012;Jordan;57,1789;400;40,33684211;1,052631579;0;1,4;7,368421053;0;3,863157895;3,157894737;63,7273;25;Middle East & North Africa;Upper Middle Income;Authoritarian Regime;5899,68;6001,76
2012;Kazakhstan;47,8404;398;26,22340426;1,063829787;2,489361702;2,127659574;7,095744681;0;4,946808511;3,893617021;66,7273;33,25;Eastern Europe & Central Asia;Upper Middle Income;Authoritarian Regime;13001,4;13926,4
2012;Kenya;49,1263;404;33,68421053;0,347368421;1,4;3,157894737;7,031578947;0;0;3,505263158;63,6364;83,25;Sub-Saharan Africa;Low Income;Hybrid Regime;1745,96;1807,53
2012;Kyrgyz Republic;20;417;11,56842105;0,705263158;0;0;4,915789474;0;2,810526316;0;46,6;58,25;Eastern Europe & Central Asia;Low Income;Hybrid Regime;2372,41;2497,67
2012;Lebanon;32,6277;422;23,75531915;0;0;0;7,808510638;0;1,063829787;0;36,3636;41,75;Middle East & North Africa;Upper Middle Income;Hybrid Regime;15522,8;15985,5
2012;Lesotho;;;;;;;;;;;;;;;;;
2012;Liberia;42,8211;430;28,44210526;0,705263158;0;1,4;6,684210526;1,389473684;4,2;0;51,4545;75;Sub-Saharan Africa;Low Income;Hybrid Regime;456,44;490,41
2012;Macedonia;35,4211;807;24,18947368;1,052631579;0;0;4,210526316;0;1,747368421;4,221052632;54,6364;100;Eastern Europe & Central Asia;Upper Middle Income;Flawed Democracy;10366,8;10692,1
2012;Madagascar;;;;;;;;;;;;;;;;;
2012;Malawi;52,3263;454;39,66315789;1,052631579;0;0;7,031578947;2,115789474;0;2,463157895;57,4545;41,5;Sub-Saharan Africa;Low Income;Hybrid Regime;859,85;882,67
2012;Malaysia;38,6211;458;28,77894737;0,347368421;0;0;2,821052632;0;1,757894737;4,915789474;51,6364;100;East Asia & Pacific;Upper Middle Income;Flawed Democracy;15567,9;16186
2012;Mali;42,8;466;34,02105263;1,052631579;3,157894737;0;4,221052632;0;0;0,347368421;69,7273;83,25;Sub-Saharan Africa;Low Income;Flawed Democracy;1127,52;1173,64
2012;Mexico;61,3404;484;39,35106383;0,712765957;2,127659574;1,776595745;8,159574468;0;6,031914894;3,180851064;51,5455;91,75;Latin America & Caribbean;Upper Middle Income;Flawed Democracy;14609,8;15177,5
2012;Moldova;;;;;;;;;;;;;;;;;
2012;Mongolia;50,5263;496;32,27368421;0,705263158;0;2,452631579;7,368421053;0;4,568421053;3,157894737;66,6364;75;East Asia & Pacific;Lower Middle Income;Flawed Democracy;4743,75;5548,33
2012;Morocco;37,5368;504;26,65263158;0,705263158;1,757894737;0;7,368421053;0;0;1,052631579;33,3;25;Middle East & North Africa;Lower Middle Income;Authoritarian Regime;5052,25;5251,65
2012;Mozambique;46,7979;508;30,15957447;1,063829787;0;2,127659574;6,393617021;1,404255319;3,882978723;1,765957447;36,2727;25;Sub-Saharan Africa;Low Income;Hybrid Regime;1084,9;1149,96
2012;Myanmar;0;104;0;0;0;0;0;0;0;0;12,0909;8,25;East Asia & Pacific;Low Income;Authoritarian Regime;1324,63;1393,89
2012;Namibia;54,7609;516;44,60869565;0,358695652;0;0;1,456521739;0;5,445652174;2,891304348;29,9;66,75;Sub-Saharan Africa;Upper Middle Income;Flawed Democracy;7363,18;7694,44
2012;Nepal;44,3723;524;31,57446809;0,712765957;0;0;3,914893617;3,20212766;2,127659574;2,840425532;39,2727;100;South Asia;Low Income;Hybrid Regime;1328;1388,38
2012;New Zealand;93,163;554;55,82608696;1,086956522;2,902173913;3,260869565;8,336956522;3,989130435;10,51086957;7,25;60,7273;100;East Asia & Pacific;High Income;Full Democracy;27668,4;28372,3
2012;Nicaragua;41,7474;558;31,92631579;0,705263158;0;0;5,273684211;0;2,8;1,042105263;45,5455;50;Latin America & Caribbean;Lower Middle Income;Hybrid Regime;3205,62;3325,13
2012;Niger;3,51579;562;2,810526316;0,705263158;0;0;0;0;0;0;63,7273;50;Sub-Saharan Africa;Low Income;Hybrid Regime;771,08;863,46
2012;Nigeria;15,7579;566;5,252631579;0,705263158;0;1,757894737;5,252631579;0;2,789473684;0;75,7273;66,75;Sub-Saharan Africa;Lower Middle Income;Authoritarian Regime;2578,25;2722,25
2012;Norway;82,8495;578;53,79569892;1,075268817;3,225806452;0;7,537634409;4,301075269;5,741935484;7,172043011;87,9091;100;Western Europe & the U.S.;High Income;Full Democracy;53470,7;54479,1
2012;Pakistan;57,9158;586;46,31578947;1,052631579;0;0;4,221052632;0;2,463157895;3,863157895;51,4545;91,75;South Asia;Lower Middle Income;Hybrid Regime;2786,95;2859,87
2012;Papua New Guinea;55,8;598;43,52631579;0;0;3,157894737;0;3,863157895;3,505263158;1,747368421;48,2727;41,75;East Asia & Pacific;Lower Middle Income;Flawed Democracy;2532,2;2694,05
2012;Paraguay;;;;;;;;;;;;;;;;;
2012;Peru;56,734;604;39,71276596;1,063829787;0;0;7,446808511;1,765957447;3,904255319;2,840425532;60,5455;83,25;Latin America & Caribbean;Upper Middle Income;Flawed Democracy;10062,4;10588,7
2012;Philippines;48,4632;608;35,47368421;1,052631579;0;0;8,073684211;0;0;3,863157895;36,3636;91,75;East Asia & Pacific;Lower Middle Income;Flawed Democracy;4072,88;4214,39
2012;Poland;58,8298;616;34,73404255;1,063829787;0;1,765957447;6,382978723;1,765957447;7,79787234;5,319148936;48,4545;100;Eastern Europe & Central Asia;Upper Middle Income;Flawed Democracy;20334,2;21310,3
2012;Portugal;61,6087;620;39,85869565;0,72826087;0;3,260869565;8,695652174;0;3,989130435;5,076086957;57,6364;75;Western Europe & the U.S.;High Income;Flawed Democracy;23361,3;22853,4
2012;Qatar;0;634;0;0;0;0;0;0;0;0;0;0;Middle East & North Africa;High Income;Authoritarian Regime;102943;106284
2012;Romania;46,9895;642;33,31578947;0,705263158;0;1,747368421;8,073684211;0,347368421;0,705263158;2,094736842;57,5455;100;Eastern Europe & Central Asia;Upper Middle Income;Flawed Democracy;12476,5;12843,1
2012;Russia;74,0526;643;50,18947368;1,052631579;0;2,452631579;8,073684211;0;7,368421053;4,915789474;84,8182;100;Eastern Europe & Central Asia;Upper Middle Income;Authoritarian Regime;16736;17691,1
2012;Rwanda;7,73684;646;2,463157895;1,052631579;0;0;0;0;3,168421053;1,052631579;72,8182;91,75;Sub-Saharan Africa;Low Income;Authoritarian Regime;1340,53;1430,85
2012;Sao Tomé e Príncipe;28,7684;678;22,78947368;0;0;0;5,978947368;0;0;0;51,4545;41,5;Sub-Saharan Africa;Lower Middle Income;;2251,76;2359,13
2012;Saudi Arabia;1,05263;682;1,052631579;0;0;0;0;0;0;0;0;58,5;Middle East & North Africa;High Income;Authoritarian Regime;24237,4;25466
2012;Senegal;10,1789;686;0;0;0;2,105263158;8,073684211;0;0;0;30,3636;58,25;Sub-Saharan Africa;Lower Middle Income;Hybrid Regime;1870,99;1921,5
2012;Serbia;38,9579;688;24,55789474;0,705263158;0;0;7,378947368;0,705263158;2,094736842;3,515789474;48,5455;83,5;Eastern Europe & Central Asia;Upper Middle Income;Flawed Democracy;10642;10811
2012;Sierra Leone;39,4194;694;31,17204301;0,35483871;0;0;3,591397849;0;1,075268817;3,225806452;26,6;75;Sub-Saharan Africa;Low Income;Hybrid Regime;848,82;1138,46
2012;Slovakia;67,0213;703;42,91489362;0,712765957;1,765957447;1,776595745;7,79787234;2,127659574;6,734042553;3,191489362;36,6;100;Eastern Europe & Central Asia;High Income;Flawed Democracy;23303,9;24144,8
2012;Slovenia;74,0526;705;42,82105263;1,052631579;0;2,452631579;8,421052632;3,863157895;8,421052632;7,021052632;78,8182;100;Eastern Europe & Central Asia;High Income;Flawed Democracy;28641,6;28704,9
2012;Somalia;;;;;;;;;;;;;;;;;
2012;South Africa;90,0851;710;56,04255319;1,063829787;2,478723404;3,191489362;8,510638298;4,255319149;8,872340426;5,670212766;87,9091;75;Sub-Saharan Africa;Upper Middle Income;Flawed Democracy;10973;11273,1
2012;South Korea;75,2903;410;50,19354839;1,075268817;2,150537634;3,225806452;1,784946237;0;10,04301075;6,817204301;78,8182;66,75;East Asia & Pacific;High Income;Full Democracy;31713,7;33171,5
2012;South Sudan;;;;;;;;;;;;;;;;;
2012;Spain;63,4839;724;47,72043011;1,075268817;0;0;7,161290323;0;5,021505376;2,505376344;40;75;Western Europe & the U.S.;High Income;Full Democracy;30625,8;30315,5
2012;Sri Lanka;45,9474;144;37,88421053;0,705263158;0;0;0;0;4,557894737;2,8;46,7;50;South Asia;Lower Middle Income;Flawed Democracy;5673,69;6135,47
2012;Sudan;;729;;;;;;;;;;;Sub-Saharan Africa;Lower Middle Income;Authoritarian Regime;2726,42;2495,9
2012;Swaziland;;;;;;;;;;;;;;;;;
2012;Sweden;84,2967;752;50,58241758;1,098901099;4,032967033;3,296703297;8,065934066;0;9,527472527;7,692307692;91;100;Western Europe & the U.S.;High Income;Full Democracy;40393,6;41129,9
2012;Tajikistan;17,2105;762;2,105263158;1,052631579;0;0;6,673684211;0;6,326315789;1,052631579;39,4545;91,75;Eastern Europe & Central Asia;Low Income;Authoritarian Regime;2066,59;2173,02
2012;Tanzania;46,7053;834;31,94736842;0,347368421;2,463157895;1,757894737;7,031578947;0;0;3,157894737;43,3;66,75;Sub-Saharan Africa;Low Income;Hybrid Regime;1514,89;1600,72
2012;Thailand;36,4842;764;24,54736842;1,052631579;2,115789474;0;8,421052632;0;0;0,347368421;69,6364;83,25;East Asia & Pacific;Upper Middle Income;Flawed Democracy;9396,24;9979,23
2012;Timor-Leste;35,6667;626;28,75862069;0,770114943;0;0;6,137931034;0;0;0;48,4545;100;East Asia & Pacific;Lower Middle Income;Flawed Democracy;8701,27;9467,76
2012;Trinidad and Tobago;37,8842;780;33,67368421;0,347368421;0;0;0;0;0;3,863157895;69,5455;58,5;Latin America & Caribbean;High Income;Flawed Democracy;20053,4;20573,5
2012;Tunisia;11,2211;788;1,052631579;1,052631579;0;0;7,715789474;0;0,705263158;0,694736842;21,1818;33,25;Middle East & North Africa;Upper Middle Income;Hybrid Regime;9477,51;9706,59
2012;Turkey;49,8421;792;32,27368421;0,705263158;0;0;8,421052632;0;5,284210526;3,157894737;27,2727;50;Eastern Europe & Central Asia;Upper Middle Income;Hybrid Regime;14517,5;14853
2012;Uganda;64,9579;800;43,90526316;1,052631579;2,105263158;2,810526316;2,452631579;1,747368421;5,968421053;4,915789474;72,8182;66,5;Sub-Saharan Africa;Low Income;Hybrid Regime;1317,26;1341,4
2012;Ukraine;53,6737;804;35,42105263;0,705263158;0;2,105263158;7,021052632;0;3,505263158;4,915789474;72,8182;75;Eastern Europe & Central Asia;Lower Middle Income;Hybrid Regime;7233,15;7584,06
2012;United Kingdom;88,4239;826;55,44565217;0,358695652;1,804347826;3,260869565;8,695652174;3,260869565;9,793478261;5,804347826;48,5455;100;Western Europe & the U.S.;High Income;Full Democracy;36089,6;36605
2012;United States;79,2258;840;51,6344086;1,075268817;0;0;8,602150538;3,946236559;6,440860215;7,52688172;86,6;100;Western Europe & the U.S.;High Income;Full Democracy;48386,7;49601,4
2012;Venezuela;36,8105;862;31,21052632;1,052631579;0;0;0;0;2,094736842;2,452631579;39,3636;58,25;Latin America & Caribbean;Upper Middle Income;Hybrid Regime;12568;13070,4
2012;Vietnam;18,9789;704;2,463157895;0,705263158;0;2,463157895;2,810526316;0;5,978947368;4,557894737;75,8182;83,5;East Asia & Pacific;Lower Middle Income;Authoritarian Regime;3358,67;3549,95
2012;Yemen;10,5263;887;1,052631579;0,705263158;0;0;6,673684211;0;1,747368421;0,347368421;33,2727;66,75;Middle East & North Africa;Lower Middle Income;Authoritarian Regime;2306,7;2248,62
2012;Zambia;4,21053;894;0,347368421;0,705263158;0;0;0;0;0;3,157894737;33,3636;50;Sub-Saharan Africa;Lower Middle Income;Flawed Democracy;1610,72;1714,61
2012;Zimbabwe;20,3263;716;13,64210526;0,705263158;0;2,463157895;3,515789474;0;0;0;23,3;24,75;Sub-Saharan Africa;Low Income;Authoritarian Regime;487,2;516,47
2015;Afghanistan;41,8113;4;18,51886792;4,08490566;1,566037736;4,094339623;5,669811321;0;5,037735849;2,839622642;36,3636;50;South Asia;Low Income;Authoritarian Regime;1972,18;2051,05
2015;Albania;38,2202;8;19,86238532;5,201834862;0;3,972477064;6,422018349;0;0;2,76146789;48,5455;91,75;Eastern Europe & Central Asia;Upper Middle Income;Hybrid Regime;11054,7;11688,9
2015;Algeria;18,9633;12;15,28440367;2,76146789;0;0;0,917431193;0;0;0;36,2727;33,5;Middle East & North Africa;Upper Middle Income;Authoritarian Regime;14256,3;14802,3
2015;Angola;25,5833;24;20,03703704;4,314814815;1,231481481;0;0;0;0;0;20,1;33,25;Sub-Saharan Africa;Upper Middle Income;Authoritarian Regime;8185,88;8573,33
2015;Argentina;59,2407;32;31,46296296;5,25;0;1,537037037;6,787037037;0;11,12037037;3,083333333;30;91,75;Latin America & Caribbean;Upper Middle Income;Flawed democracy;22101,3;21924,3
2015;Australia;;;;;;;;;;;;;;;;;
2015;Azerbaijan;50,8796;31;30,82407407;4,324074074;2,157407407;0;4,62962963;0;5,861111111;3,083333333;36,7;49,75;Eastern Europe & Central Asia;Upper Middle Income;Authoritarian Regime;17943,2;18913,5
2015;Bangladesh;56,2752;50;34,55045872;4,899082569;1,532110092;0;5,816513761;3,972477064;4,587155963;0,917431193;48,5455;75;South Asia;Low Income;Hybrid Regime;3385,5;3631,19
2015;Benin;45,2661;204;27,53211009;3,981651376;2,146788991;1,52293578;6,422018349;3,660550459;0;0;27,3636;41,5;Sub-Saharan Africa;Low Income;Hybrid Regime;1873,76;1957,78
2015;Bolivia;16,8349;68;0;4,596330275;0;0;6,128440367;0;4,275229358;1,834862385;57,7273;58,25;Latin America & Caribbean;Lower Middle Income;Hybrid Regime;6222,43;6530,17
2015;Bosnia and Herzegovina;43,25;70;17,28846154;3,846153846;0;4,163461538;5,769230769;0;7,048076923;5,134615385;36,6;83,25;Eastern Europe & Central Asia;Upper Middle Income;Hybrid Regime;9807,99;10359,6
2015;Botswana;47,0734;72;25,97247706;4,587155963;2,137614679;3,04587156;0;0;7,963302752;3,366972477;69,7273;100;Sub-Saharan Africa;Upper Middle Income;Flawed democracy;15981,6;16758,3
2015;Brazil;77,0734;76;33,33027523;5,201834862;2,449541284;4,596330275;7,95412844;4,889908257;12,2293578;6,422018349;80,1;75;Latin America & Caribbean;Upper Middle Income;Flawed democracy;15153,3;15518,8
2015;Bulgaria;65,4954;100;32,44954128;4,596330275;0,908256881;5,201834862;7,651376147;3,064220183;7,95412844;3,669724771;39,4545;83,5;Eastern Europe & Central Asia;Upper Middle Income;Flawed democracy;17115,1;17869,2
2015;Burkina Faso;42,8165;854;21,11009174;3,981651376;0;3,972477064;5,504587156;4,577981651;0;3,669724771;39,4545;50;Sub-Saharan Africa;Low Income;Hybrid Regime;1725,93;1824,62
2015;Burundi;;;;;;;;;;;;;;;;;
2015;Cambodia;7,65138;116;0,917431193;3,972477064;0;2,76146789;0;0;0;0;43,3;58,25;East Asia & Pacific;Low Income;Hybrid Regime;3281,57;3533,63
2015;Cameroon;43,7248;120;31,48623853;4,889908257;0;2,449541284;0;0;4,899082569;0;24,2727;33,25;Sub-Saharan Africa;Lower Middle Income;Authoritarian Regime;2981,95;3116,66
2015;Canada;;;;;;;;;;;;;;;;;
2015;Chad;3,98165;148;0;3,981651376;0;0;0;0;0;0;51,5455;66,75;Sub-Saharan Africa;Low Income;Authoritarian Regime;2645,42;2805,09
2015;Chile;58,0185;152;29,62037037;4,324074074;1,231481481;0;7,101851852;4,009259259;6,787037037;4,944444444;66,6;100;Latin America & Caribbean;High Income;Flawed democracy;23165,1;24170
2015;China;13,7523;156;0,302752294;3,357798165;0;0;4,587155963;0;3,366972477;2,137614679;3;50;East Asia & Pacific;Upper Middle Income;Authoritarian Regime;12893,4;13992,7
2015;Colombia;56,8624;170;35,46788991;4,587155963;0,908256881;1,220183486;7,339449541;0;4,889908257;2,449541284;83,3;91,75;Latin America & Caribbean;Upper Middle Income;Flawed democracy;13458,8;14164,4
2015;Comoros;;;;;;;;;;;;;;;;;
2015;Costa Rica;53,9429;188;32,37142857;5,4;1,266666667;0;5,39047619;0;7,295238095;2,219047619;72,8182;91,75;Latin America & Caribbean;Upper Middle Income;Full democracy;14914,4;15534
2015;Cote d'Ivoire;;;;;;;;;;;;;;;;;
2015;Croatia;52,8899;191;21,99082569;4,899082569;1,220183486;5,201834862;5,513761468;0;8,862385321;5,201834862;27,3636;91,75;Eastern Europe & Central Asia;High Income;Flawed democracy;20392,5;20873
2015;Czech Republic;68,8318;203;28,3271028;5,607476636;2,495327103;4,056074766;7,476635514;7,476635514;9,028037383;4,364485981;81,9091;83,25;Eastern Europe & Central Asia;High Income;Flawed democracy;28446;29658,7
2015;Democratic Republic of Congo;39,4587;180;25,09174312;4,596330275;0,908256881;4,275229358;4,587155963;0;0;0;39,4545;50;Sub-Saharan Africa;Low Income;Authoritarian Regime;702,784;753,907
2015;Dominican Republic;50,7615;214;26,88990826;3,981651376;1,834862385;0;6,128440367;0;8,256880734;3,669724771;69,7273;58,25;Latin America & Caribbean;Upper Middle Income;Flawed democracy;12803,3;13348
2015;Ecuador;50,3019;218;28,61320755;5,660377358;0;0;7,226415094;0;8,801886792;0;21,2727;75;Latin America & Caribbean;Upper Middle Income;Hybrid Regime;11352,4;11839,2
2015;Egypt;16,2202;818;0;2,449541284;0;0;5,504587156;3,981651376;4,28440367;0;0;41,75;Middle East & North Africa;Lower Middle Income;Authoritarian Regime;11073,5;11443,9
2015;El Salvador;52,8716;222;27,20183486;5,201834862;0,908256881;2,128440367;5,816513761;0;10,08256881;1,532110092;78,8182;91,75;Latin America & Caribbean;Lower Middle Income;Flawed democracy;8014,18;8275,84
2015;Equatorial Guinea;3,66972;226;0;3,669724771;0;0;0;0;0;0;24,0909;0;Sub-Saharan Africa;High Income;Authoritarian Regime;32557;29735,4
2015;Fiji;15,2936;242;0,917431193;4,889908257;0;3,981651376;0;0;5,504587156;0;0;25;East Asia & Pacific;Upper Middle Income;Hybrid Regime;8234,75;8553,95
2015;France;75,8532;250;38,8440367;5,201834862;2,146788991;2,743119266;6,422018349;2,76146789;12,2293578;5,504587156;91;75;Western Europe & the U.S.;High Income;Full democracy;40445,4;41396
2015;Georgia;66,3832;268;34,28037383;4,990654206;1,242990654;4,364485981;7,794392523;0;9,345794393;4,364485981;72,8182;100;Eastern Europe & Central Asia;Lower Middle Income;Hybrid Regime;7665,57;8222,77
2015;Germany;70,7103;276;36,74766355;5,607476636;0;3,738317757;7,168224299;5,289719626;8,102803738;4,056074766;87,9091;75;Western Europe & the U.S.;High Income;Full democracy;44741;46165,9
2015;Ghana;51,3578;288;28,73394495;2,752293578;1,834862385;0;5,19266055;0;7,339449541;5,504587156;54,4545;66,5;Sub-Saharan Africa;Lower Middle Income;Flawed democracy;4172,68;4338,27
2015;Guatemala;46,156;320;25,66055046;4,899082569;0;0;6,119266055;0;5,80733945;3,669724771;57,5455;83,25;Latin America & Caribbean;Lower Middle Income;Hybrid Regime;7476,93;7704,2
2015;Honduras;42,7798;340;15,87155963;5,504587156;1,220183486;2,128440367;6,128440367;3,963302752;5,816513761;2,146788991;69,7273;50;Latin America & Caribbean;Lower Middle Income;Hybrid Regime;4712,71;4849,3
2015;Hungary;48,8991;348;28,11009174;2,743119266;0;0;5,80733945;0;7,339449541;4,899082569;57,6364;83,25;Eastern Europe & Central Asia;Upper Middle Income;Flawed democracy;24335,9;25406,3
2015;India;45,844;356;27,19266055;5,201834862;1,220183486;0;6,422018349;0;0,917431193;4,889908257;39,3636;75;South Asia;Lower Middle Income;Flawed democracy;5777,02;6176,29
2015;Indonesia;58,7064;360;27,50458716;4,587155963;2,137614679;0;5,816513761;6,431192661;7,642201835;4,587155963;81,8182;75;East Asia & Pacific;Lower Middle Income;Flawed democracy;10156,7;10759,2
2015;Iraq;3,05505;368;0;3,055045872;0;0;0;0;0;0;26,6;50;Middle East & North Africa;Upper Middle Income;Hybrid Regime;13784,3;13817,1
2015;Italy;72,5278;380;34,56481481;5,555555556;1,546296296;4,944444444;6,481481481;6,481481481;8,638888889;4,314814815;78,8182;66,75;Western Europe & the U.S.;High Income;Flawed democracy;34455,3;35228
2015;Japan;;;;;;;;;;;;;;;;;
2015;Jordan;55,0917;400;29,37614679;4,899082569;1,220183486;2,76146789;6,431192661;0;6,119266055;4,28440367;45,4545;41,75;Middle East & North Africa;Upper Middle Income;Authoritarian Regime;11973,6;12397,9
2015;Kazakhstan;51,2222;398;16,02777778;4,944444444;0;4,638888889;7,407407407;5,25;9,25;3,703703704;69,6364;58,5;Eastern Europe & Central Asia;Upper Middle Income;Authoritarian Regime;24143,7;25367,3
2015;Kenya;48;404;26,28440367;0,917431193;1,532110092;5,201834862;6,422018349;0;4,577981651;3,064220183;48,5455;66,5;Sub-Saharan Africa;Low Income;Hybrid Regime;3138,11;3304,48
2015;Kyrgyz Republic;54,4037;417;27,49541284;3,981651376;2,752293578;4,587155963;4,587155963;4,577981651;4,28440367;2,137614679;69,7273;41,5;Eastern Europe & Central Asia;Lower Middle Income;Hybrid Regime;3384,54;3581,33
2015;Lebanon;2,44954;422;0;0;0;0;0;0;2,449541284;0;16,6;41,75;Middle East & North Africa;Upper Middle Income;Hybrid Regime;17754,3;18358
2015;Lesotho;;;;;;;;;;;;;;;;;
2015;Liberia;37,6147;430;24,1559633;3,972477064;0;0;5,201834862;4,28440367;0;0;33,3636;33,25;Sub-Saharan Africa;Low Income;Hybrid Regime;900,755;934,095
2015;Macedonia;35,4587;807;17,70642202;4,899082569;0;0;3,055045872;0;5,816513761;3,981651376;42,4545;100;Eastern Europe & Central Asia;Upper Middle Income;Flawed democracy;13204;13901,1
2015;Madagascar;;;;;;;;;;;;;;;;;
2015;Malawi;64,8073;454;42,48623853;4,889908257;0;0;5,80733945;0;11,62385321;0;66,7273;41,75;Sub-Saharan Africa;Low Income;Hybrid Regime;781,357;819,688
2015;Malaysia;45,5596;458;23,2293578;5,201834862;0;0;4,587155963;0;6,422018349;6,119266055;15,1818;66,75;East Asia & Pacific;Upper Middle Income;Flawed democracy;24520,8;25833,2
2015;Mali;46,4954;466;30,58715596;5,201834862;2,752293578;3,064220183;4,889908257;0;0;0;69,7273;50;Sub-Saharan Africa;Low Income;Hybrid Regime;1559,43;1614,1
2015;Mexico;65,7615;484;33,33944954;4,899082569;2,752293578;3,055045872;8,256880734;0;9,183486239;4,275229358;45,4545;91,75;Latin America & Caribbean;Upper Middle Income;Flawed democracy;17925,1;18714,1
2015;Moldova;;;;;;;;;;;;;;;;;
2015;Mongolia;51,3761;496;24,4587156;4,899082569;0,908256881;4,28440367;5,816513761;0;7,944954128;3,064220183;69,7273;91,75;East Asia & Pacific;Lower Middle Income;Flawed democracy;10157;11051,7
2015;Morocco;38,2018;504;22,60550459;4,28440367;3,366972477;0;5,80733945;0;0;2,137614679;21,1818;16,75;Middle East & North Africa;Lower Middle Income;Authoritarian Regime;7666,36;8097,23
2015;Mozambique;38,2385;508;18,66055046;4,889908257;1,834862385;4,28440367;6,119266055;0;0;2,449541284;33,3636;41,75;Sub-Saharan Africa;Low Income;Hybrid Regime;1123,29;1208,61
2015;Myanmar;1,82569;104;0;1,825688073;0;0;0;0;0;0;27,2727;25;East Asia & Pacific;Low Income;Authoritarian Regime;4751,72;5207,68
2015;Namibia;45,963;516;31,76851852;1,231481481;1,851851852;0;2,166666667;0;6,166666667;2,777777778;16,6;75;Sub-Saharan Africa;Upper Middle Income;Flawed democracy;10764,2;11361,1
2015;Nepal;24,2018;524;0,917431193;4,899082569;0;0;3,678899083;4,908256881;5,816513761;3,981651376;18,1818;75;South Asia;Low Income;Hybrid Regime;2380,67;2516,94
2015;New Zealand;88,3868;554;43,0754717;5,660377358;2,830188679;5,349056604;6,924528302;7,556603774;11,00943396;5,981132075;45,4545;91,75;East Asia & Pacific;High Income;Full democracy;34975,2;36342,7
2015;Nicaragua;46,4495;558;27,50458716;4,28440367;0;0;6,422018349;0;6,71559633;1,52293578;60,7273;41,75;Latin America & Caribbean;Lower Middle Income;Hybrid Regime;4797,02;5018,76
2015;Niger;16,5046;562;13,13761468;0;0;3,366972477;0;0;0;0;72,7273;50;Sub-Saharan Africa;Low Income;Hybrid Regime;1032,12;1069,59
2015;Nigeria;23,8257;566;12,51376147;2,449541284;2,137614679;0;0;0;6,724770642;0;66,7273;50;Sub-Saharan Africa;Lower Middle Income;Authoritarian Regime;6081,67;6467,23
2015;Norway;84,1402;578;43,93457944;5,299065421;3,121495327;0;8,102803738;7,785046729;9,663551402;6,23364486;94;91,75;Western Europe & the U.S.;High Income;Full democracy;65895,7;67619,1
2015;Pakistan;42,789;586;31,47706422;5,201834862;0;0;2,752293578;0;0;3,357798165;27,1818;66,75;South Asia;Lower Middle Income;Hybrid Regime;4746,41;4943,26
2015;Papua New Guinea;55,3211;598;34,82568807;4,889908257;0;2,449541284;0;6,733944954;6,119266055;0,302752294;36,2727;50;East Asia & Pacific;Lower Middle Income;Flawed democracy;2404,41;2856,67
2015;Paraguay;;;;;;;;;;;;;;;;;
2015;Peru;75,0874;604;35,25242718;5,504854369;2,922330097;5,825242718;8,737864078;6,805825243;7,116504854;2,922330097;66,6364;83,25;Latin America & Caribbean;Upper Middle Income;Flawed democracy;11988,6;12638,8
2015;Philippines;63,9266;608;31,82568807;2,449541284;2,440366972;3,357798165;6,128440367;5,183486239;8,247706422;4,293577982;36,4545;91,75;East Asia & Pacific;Lower Middle Income;Flawed democracy;6985,68;7412,24
2015;Poland;64,1759;616;30,23148148;4,944444444;0;1,842592593;7,712962963;4,314814815;10,80555556;4,324074074;51,5455;91,75;Eastern Europe & Central Asia;High Income;Flawed democracy;24428,8;25703,5
2015;Portugal;64,4231;620;31,08653846;5,134615385;1,913461538;5,769230769;7,692307692;0;8,653846154;4,173076923;69,7273;66,5;Western Europe & the U.S.;High Income;Flawed democracy;26306,5;27180,2
2015;Qatar;0;634;0;0;0;0;0;0;0;0;0;0;Middle East & North Africa;High Income;Authoritarian Regime;144427;146012
2015;Romania;75,2202;642;38,81651376;5,504587156;0;4,899082569;6,422018349;4,596330275;10,39449541;4,587155963;54,4545;100;Eastern Europe & Central Asia;Upper Middle Income;Flawed democracy;19397,3;20355,7
2015;Russia;74,3211;643;37;3,669724771;2,449541284;4,899082569;6,733944954;7,027522936;8,862385321;3,678899083;78,7273;100;Eastern Europe & Central Asia;High Income;Authoritarian Regime;24764,4;25350,9
2015;Rwanda;35,7523;646;4,266055046;5,504587156;2,137614679;4,587155963;4,889908257;3,660550459;5,80733945;4,899082569;51,5455;25;Sub-Saharan Africa;Low Income;Authoritarian Regime;1685,66;1782,46
2015;Sao Tomé e Príncipe;29,3394;678;22,6146789;5,201834862;1,52293578;0;0;0;0;0;39,9;55,6667;Sub-Saharan Africa;Lower Middle Income;;3138,29;3306,66
2015;Saudi Arabia;0;682;0;0;0;0;0;0;0;0;0;33,5;Middle East & North Africa;High Income;Authoritarian Regime;53935,1;56253,4
2015;Senegal;42,8349;686;25,39449541;4,28440367;1,834862385;5,201834862;6,119266055;0;0;0;66,7273;58,25;Sub-Saharan Africa;Lower Middle Income;Flawed democracy;2316,3;2398,26
2015;Serbia;47,0826;688;27,79816514;4,899082569;0;0;4,899082569;0;5,816513761;3,669724771;42,4545;66,75;Eastern Europe & Central Asia;Upper Middle Income;Flawed democracy;12605,3;12971,5
2015;Sierra Leone;52,0183;694;29,06422018;3,981651376;1,834862385;0;4,899082569;0;8,256880734;3,981651376;36,1818;66,5;Sub-Saharan Africa;Low Income;Hybrid Regime;2068,76;2284,06
2015;Slovakia;56,8056;703;29,63888889;5,25;0,916666667;2,166666667;5,555555556;4,018518519;7,101851852;2,157407407;33,3;66,75;Eastern Europe & Central Asia;High Income;Flawed democracy;27664,6;28887,7
2015;Slovenia;67,5872;705;34,55045872;5,201834862;0;0;5,504587156;5,816513761;10,39449541;6,119266055;66,7273;83,25;Eastern Europe & Central Asia;High Income;Flawed democracy;29358,6;30266,4
2015;Somalia;;;;;;;;;;;;;;;;;
2015;South Africa;86,4444;710;44,44444444;2,166666667;2,777777778;5,555555556;6,490740741;8,027777778;11,11111111;5,87037037;84,8182;100;Sub-Saharan Africa;Upper Middle Income;Flawed democracy;12721,9;13078
2015;South Korea;65,4019;410;32,07476636;4,981308411;3,738317757;1,551401869;7,168224299;0;10,89719626;4,990654206;72,7273;50;East Asia & Pacific;High Income;Full democracy;35485,1;37413
2015;South Sudan;;;;;;;;;;;;;;;;;
2015;Spain;58,0741;724;33,67592593;5,555555556;0;4,638888889;6,787037037;0;6,490740741;0,925925926;43,4;66,5;Western Europe & the U.S.;High Income;Full democracy;32975,4;34228,9
2015;Sri Lanka;38,5229;144;27,22018349;3,972477064;0;0;0;0;7,330275229;0;36,7;66,5;South Asia;Lower Middle Income;Hybrid Regime;10355,2;11155,8
2015;Sudan;10,4037;729;0;5,201834862;0;0;0;0;5,201834862;0;24,2727;16,75;Sub-Saharan Africa;Lower Middle Income;Authoritarian Regime;4521,8;4655,06
2015;Swaziland;;;;;;;;;;;;;;;;;
2015;Sweden;87,0095;752;40,00952381;5,085714286;3,80952381;5,714285714;8,257142857;7,942857143;10,47619048;5,714285714;84,9091;100;Western Europe & the U.S.;High Income;Full democracy;44695,2;46386,4
2015;Tajikistan;25,3578;762;12,82568807;3,669724771;0,908256881;3,981651376;3,357798165;0;0;0,614678899;69,7273;75;Eastern Europe & Central Asia;Low Income;Authoritarian Regime;2676,57;2830,14
2015;Tanzania;45,5688;834;26,89908257;0,917431193;3,064220183;3,981651376;5,80733945;0;0;4,899082569;39,4545;50;Sub-Saharan Africa;Low Income;Hybrid Regime;1941,3;2054,32
2015;Thailand;42,4954;764;28,11926606;4,899082569;1,825688073;3,366972477;4,28440367;0;0;0;30;75;East Asia & Pacific;Upper Middle Income;Hybrid Regime;14442,6;15319,5
2015;Timor-Leste;41,3981;626;26,2038835;4,203883495;1,611650485;0;6,466019417;0;0;2,912621359;45,4545;83,25;East Asia & Pacific;Lower Middle Income;Flawed democracy;6794,2;7388,46
2015;Trinidad and Tobago;33,8991;780;28,39449541;1,220183486;0;0;0;0;0;4,28440367;66,5455;75;Latin America & Caribbean;High Income;Flawed democracy;31264,1;32346,4
2015;Tunisia;42,1651;788;25,05504587;3,972477064;2,449541284;0;6,110091743;0;4,577981651;0;33,3636;50;Middle East & North Africa;Upper Middle Income;Flawed democracy;11379,5;11897
2015;Turkey;44,3211;792;24,14678899;3,972477064;0;0;4,587155963;2,752293578;6,422018349;2,440366972;16,7;91,75;Eastern Europe & Central Asia;Upper Middle Income;Hybrid Regime;19555,7;20299,4
2015;Uganda;62,422;800;31,21100917;4,587155963;0;4,596330275;4,899082569;5,504587156;8,862385321;2,76146789;54,5455;75;Sub-Saharan Africa;Low Income;Hybrid Regime;1752,12;1836,02
2015;Ukraine;45,5138;804;17,70642202;4,889908257;0;2,743119266;7,642201835;0;8,862385321;3,669724771;78,7273;83,25;Eastern Europe & Central Asia;Lower Middle Income;Hybrid Regime;8240,4;8493,56
2015;United Kingdom;75,4623;826;37,73584906;1,575471698;1,254716981;5,349056604;7,547169811;6,283018868;10,05660377;5,660377358;45,4545;91,75;Western Europe & the U.S.;High Income;Full democracy;37744,5;39224,9
2015;United States;80,6916;840;45,79439252;2,177570093;0,308411215;0;8,102803738;7,168224299;11,21495327;5,925233645;84,8182;100;Western Europe & the U.S.;High Income;Full democracy;54678,2;57045,5
2015;Venezuela;7,95413;862;0;4,899082569;0;0;1,220183486;0;0;1,834862385;39,3636;66,5;Latin America & Caribbean;Upper Middle Income;Hybrid Regime;17917,2;17787,4
2015;Vietnam;17,7431;704;0,917431193;3,669724771;1,834862385;2,137614679;5,201834862;0;2,449541284;1,532110092;60,6364;75;East Asia & Pacific;Lower Middle Income;Authoritarian Regime;5621,41;5983,24
2015;Yemen;33,6514;887;19,56880734;3,981651376;0;0;5,816513761;0;4,28440367;0;26,5;33,3333;Middle East & North Africa;Lower Middle Income;Authoritarian Regime;3861,33;3992,87
2015;Zambia;38,5229;894;20,17431193;2,137614679;0;4,899082569;0;0;7,339449541;3,972477064;27,2727;58,25;Sub-Saharan Africa;Lower Middle Income;Flawed democracy;4113,33;4345,33
2015;Zimbabwe;35,1651;716;21,08256881;0;0;1,834862385;5,504587156;6,743119266;0;0;21,0909;33,25;Sub-Saharan Africa;Low Income;Authoritarian Regime;2026,78;2106,83
2017;Afghanistan;48,58878505;4;26,1588785;4,364485981;1,551401869;4,056074766;0;3,728971963;5,91588785;2,813084112;30,416667;66,666667;South Asia;;;;
2017;Albania;49,65740741;8;24,0462963;4,944444444;1,231481481;5,25;6,166666667;0;3,388888889;4,62962963;66,666667;72,166667;Eastern Europe & Central Asia;;;;
2017;Algeria;3,064220183;12;0;3,064220183;0;0;0;0;0;0;41,583333;11,166667;Middle East & North Africa;;;;
2017;Angola;25,05504587;24;19,24770642;4,28440367;1,52293578;0;0;0;0;0;33,25;33,333333;Sub-Saharan Africa;;;;
2017;Argentina;49,82568807;32;24,4587156;4,28440367;0,302752294;1,52293578;7,027522936;0;9,486238532;2,743119266;44,416667;77,666667;Latin America & Caribbean;;;;
2017;Australia;73,51401869;36;42,04672897;2,177570093;1,869158879;0;5,925233645;7,794392523;8,411214953;5,289719626;55,583333;100;East Asia & Pacific;;;;
2017;Azerbaijan;33,61111111;31;17,55555556;3,712962963;0;0;2,777777778;0;6,481481481;3,083333333;52,666667;83,333333;Eastern Europe & Central Asia;;;;
2017;Bangladesh;40,94495413;50;34,83486239;1,220183486;0;0;0;0;4,889908257;0;41,583333;50;South Asia;;;;
2017;Benin;38,50458716;204;13,75229358;3,972477064;2,137614679;5,504587156;5,80733945;0;3,963302752;3,366972477;61,083333;61,166667;Sub-Saharan Africa;;;;
2017;Bolivia;10,19444444;68;0;4,324074074;1,546296296;0;0;0;3,398148148;0,925925926;41,666667;61;Latin America & Caribbean;;;;
2017;Bosnia and Herzegovina;34,61165049;70;13,90291262;3,883495146;0;4,524271845;0;0;7,116504854;5,184466019;49,916667;94,5;Eastern Europe & Central Asia;;;;
2017;Botswana;7,95412844;72;0,917431193;0;2,752293578;4,28440367;0;0;0;0;50;72,333333;Sub-Saharan Africa;;;;
2017;Brazil;77,37614679;76;33,93577982;5,201834862;2,137614679;4,596330275;8,256880734;5,513761468;11,31192661;6,422018349;72,25;83,333333;Latin America & Caribbean;;;;
2017;Bulgaria;65,78703704;100;32,42592593;4,638888889;1,231481481;4,62962963;6,787037037;3,398148148;8,342592593;4,333333333;52,916667;72,166667;Eastern Europe & Central Asia;;;;
2017;Burkina Faso;24,46788991;854;14,37614679;3,972477064;0;3,972477064;0;0;0;2,146788991;47,083333;16,666667;Sub-Saharan Africa;;;;
2017;Burundi;6,724770642;108;0;4,587155963;0;0;0;0;0;2,137614679;16,583333;33,333333;Sub-Saharan Africa;;;;
2017;Cambodia;20,49541284;116;0,917431193;4,596330275;1,220183486;3,064220183;5,19266055;3,064220183;0;2,440366972;44,333333;77,666667;East Asia & Pacific;;;;
2017;Cameroon;6,724770642;120;0;4,28440367;0;2,440366972;0;0;0;0;22,166667;22,166667;Sub-Saharan Africa;;;;
2017;Canada;70,73831776;124;33,01869159;4,672897196;0;4,355140187;6,542056075;5,934579439;10,90654206;5,308411215;50;72,166667;Western Europe, U.S. & Canada;;;;
2017;Chad;2,440366972;148;0;2,440366972;0;0;0;0;0;0;30,5;72,166667;Sub-Saharan Africa;;;;
2017;Chile;56,80555556;152;28,39814815;4,638888889;1,231481481;0;7,101851852;5,564814815;7,712962963;2,157407407;41,583333;83,333333;Latin America & Caribbean;;;;
2017;China;13,16513761;156;0;3,064220183;0;0;2,449541284;0;4,28440367;3,366972477;13,833333;55,5;East Asia & Pacific;;;;
2017;Colombia;49,52293578;170;31,18348624;3,669724771;0,302752294;2,137614679;4,899082569;0;4,275229358;3,055045872;61;83,333333;Latin America & Caribbean;;;;
2017;Comoros;7,944954128;174;0;4,587155963;0;0;0;0;3,357798165;0;25;50;Sub-Saharan Africa;;;;
2017;Costa Rica;55,64150943;188;32,37735849;5,037735849;2,198113208;0;5,339622642;0;7,226415094;3,462264151;61,083333;89;Latin America & Caribbean;;;;
2017;Cote d'Ivoire;24,44036697;384;2,733944954;4,899082569;0;0;5,80733945;0;7,330275229;3,669724771;30,5;33,333333;Sub-Saharan Africa;;;;
2017;Croatia;57,1559633;191;32,08256881;4,899082569;1,220183486;0;5,201834862;0;9,165137615;4,587155963;44,583333;88,833333;Eastern Europe & Central Asia;;;;
2017;Czech Republic;61,3364486;203;33,92523364;5,607476636;0;0;7,476635514;0;10,27102804;4,056074766;80,583333;83,333333;Eastern Europe & Central Asia;;;;
2017;Democratic Republic of Congo;29,33944954;180;18,33027523;3,981651376;0,908256881;3,669724771;2,449541284;0;0;0;44,416667;50;Sub-Saharan Africa;;;;
2017;Dominican Republic;66,34862385;214;34,2293578;5,504587156;3,064220183;0;5,504587156;5,80733945;8,871559633;3,366972477;58,25;55,5;Latin America & Caribbean;;;;
2017;Ecuador;48,73148148;218;28,99074074;4,935185185;1,851851852;0;6,166666667;0;6,481481481;0,305555556;33,333333;80,2;Latin America & Caribbean;;;;
2017;Egypt;41,28440367;818;25,3853211;4,587155963;2,752293578;1,834862385;6,724770642;0;0;0;38,833333;38,833333;Middle East & North Africa;;;;
2017;El Salvador;44,63302752;222;22,32110092;5,201834862;0,908256881;1,52293578;4,889908257;0;8,256880734;1,532110092;61,083333;72,166667;Latin America & Caribbean;;;;
2017;Equatorial Guinea;0;226;0;0;0;0;0;0;0;0;33,166667;0;Sub-Saharan Africa;;;;
2017;Fiji;40,66055046;242;34,5412844;5,201834862;0;0;0;0;0;0,917431193;8,3333333;27,833333;East Asia & Pacific;;;;
2017;France;73,77777778;250;39,51851852;4,944444444;2,166666667;2,768518519;6,787037037;0;12,03703704;5,555555556;88,916667;77,833333;Western Europe, U.S. & Canada;;;;
2017;Georgia;81,62616822;268;38,93457944;5,607476636;1,878504673;5,607476636;8,411214953;6,85046729;9,971962617;4,364485981;66,666667;88,833333;Eastern Europe & Central Asia;;;;
2017;Germany;69,14953271;276;38,94392523;5,607476636;0,925233645;4,355140187;6,23364486;0;8,719626168;4,364485981;86,083333;94,5;Western Europe, U.S. & Canada;;;;
2017;Ghana;50,42201835;288;27,19266055;3,055045872;1,834862385;0;0;5,80733945;8,559633028;3,972477064;38,75;50;Sub-Saharan Africa;;;;
2017;Guatemala;61,13888889;320;32,41666667;5,25;1,851851852;3,398148148;7,722222222;0;6,796296296;3,703703704;50;72,166667;Latin America & Caribbean;;;;
2017;Honduras;53,80733945;340;25,98165138;5,201834862;0;3,669724771;7,036697248;3,357798165;5,80733945;2,752293578;38,833333;66,666667;Latin America & Caribbean;;;;
2017;Hungary;45,51376147;348;22,59633028;3,972477064;0;0;6,412844037;0;8,862385321;3,669724771;50;94,5;Eastern Europe & Central Asia;;;;
2017;India;47,98165138;356;27,19266055;1,52293578;0,908256881;0;6,422018349;0;6,733944954;5,201834862;41,666667;61,166667;South Asia;;;;
2017;Indonesia;64,22018349;360;29,33944954;4,899082569;2,449541284;2,752293578;6,119266055;6,431192661;7,944954128;4,28440367;86,083333;83,5;East Asia & Pacific;;;;
2017;Iraq;3,055045872;368;0,917431193;0,917431193;0;0;1,220183486;0;0;0;58,333333;77,833333;Middle East & North Africa;;;;
2017;Italy;73,43518519;380;37,01851852;5,555555556;1,546296296;4,62962963;5,555555556;6,481481481;8,638888889;4,009259259;77,833333;77,833333;Western Europe, U.S. & Canada;;;;
2017;Japan;60,43925234;392;29,59813084;5,607476636;2,495327103;1,242990654;6,224299065;0;9,971962617;5,299065421;50;77,833333;East Asia & Pacific;;;;
2017;Jordan;63,36697248;400;30,59633028;5,201834862;2,449541284;3,073394495;6,422018349;4,28440367;7,357798165;3,981651376;47,25;27,666667;Middle East & North Africa;;;;
2017;Kazakhstan;52,74074074;398;25,60185185;4,62962963;0,305555556;0;7,407407407;3,083333333;8,324074074;3,388888889;69,333333;50,166667;Eastern Europe & Central Asia;;;;
2017;Kenya;46,1559633;404;25,06422018;1,834862385;1,220183486;4,899082569;3,963302752;0;6,422018349;2,752293578;41,666667;66,666667;Sub-Saharan Africa;;;;
2017;Kyrgyz Republic;54,72477064;417;29,33944954;4,899082569;2,76146789;4,587155963;4,587155963;0;6,724770642;1,825688073;72,25;77,666667;Eastern Europe & Central Asia;;;;
2017;Lebanon;3,055045872;422;0;0;0;0;0;0;3,055045872;0;5,5;22,166667;Middle East & North Africa;;;;
2017;Lesotho;0;426;0;0;0;0;0;0;0;0;30,333333;33,333333;Sub-Saharan Africa;;;;
2017;Liberia;36,08256881;430;28,11926606;4,587155963;2,76146789;0;0;0;0;0,614678899;47,083333;66,5;Sub-Saharan Africa;;;;
2017;Macedonia;37;807;16,49541284;4,899082569;0;0;3,669724771;0;6,733944954;5,201834862;44,5;77,833333;Eastern Europe & Central Asia;;;;
2017;Madagascar;34,25688073;450;23,55045872;4,28440367;0,302752294;0;5,504587156;0;0;0,614678899;36,083333;11,166667;Sub-Saharan Africa;;;;
2017;Malawi;25,98165138;454;25,98165138;0;0;0;0;0;0;0;61;44,333333;Sub-Saharan Africa;;;;
2017;Malaysia;46,1559633;458;25,66972477;0,917431193;1,220183486;0;4,889908257;0;7,651376147;5,80733945;25;55,666667;East Asia & Pacific;;;;
2017;Mali;39,44036697;466;27,81651376;5,504587156;0,302752294;0;5,201834862;0;0;0,614678899;33,166667;50;Sub-Saharan Africa;;;;
2017;Mexico;78,99074074;484;39,80555556;5,555555556;3,703703704;3,388888889;8,333333333;4,314814815;9,87962963;4,009259259;55,583333;77,666667;Latin America & Caribbean;;;;
2017;Moldova;57,7706422;498;29,33027523;3,669724771;1,834862385;4,587155963;3,972477064;0;10,39449541;3,981651376;47,25;83,333333;Eastern Europe & Central Asia;;;;
2017;Mongolia;45,87155963;496;29,03669725;5,201834862;0;0;6,119266055;0;0,917431193;4,596330275;69,416667;88,833333;East Asia & Pacific;;;;
2017;Morocco;45,26605505;504;26,60550459;4,899082569;3,366972477;0;6,422018349;0;0;3,972477064;36;22,166667;Middle East & North Africa;;;;
2017;Mozambique;40,66972477;508;19,25688073;3,972477064;2,458715596;0;5,80733945;0;7,027522936;2,146788991;36;38,833333;Sub-Saharan Africa;;;;
2017;Myanmar;7,330275229;104;0,302752294;3,055045872;0;0;0;0;3,972477064;0;55,5;33,333333;East Asia & Pacific;;;;
2017;Namibia;49,66666667;516;32,69444444;0;0;0;1,231481481;7,101851852;8,638888889;0;33,25;77,833333;Sub-Saharan Africa;;;;
2017;Nepal;52,29357798;524;30,87155963;1,532110092;0;0;3,366972477;6,119266055;6,422018349;3,981651376;27,666667;77,833333;South Asia;;;;
2017;New Zealand;89,33018868;554;43,70754717;5,660377358;2,839622642;5,349056604;6,603773585;7,867924528;11,32075472;5,981132075;72,166667;88,833333;East Asia & Pacific;;;;
2017;Nicaragua;43,3853211;558;26,28440367;2,743119266;0;0;5,80733945;0;6,71559633;1,834862385;63,916667;61;Latin America & Caribbean;;;;
2017;Niger;0,302752294;562;0;0;0,302752294;0;0;0;0;0;36,083333;44,5;Sub-Saharan Africa;;;;
2017;Nigeria;16,50458716;566;5,486238532;2,449541284;0;0;0;0;5,816513761;2,752293578;52,666667;61,166667;Sub-Saharan Africa;;;;
2017;Norway;84,73831776;578;44,24299065;5,299065421;2,177570093;0;7,158878505;7,476635514;12,14953271;6,23364486;91,75;88,833333;Western Europe, U.S. & Canada;;;;
2017;Pakistan;43,72477064;586;33,32110092;0,917431193;0;0;2,752293578;0;5,816513761;0,917431193;36;61,166667;South Asia;;;;
2017;Papua New Guinea;49,51376147;598;31,7706422;4,587155963;0;0;0;6,733944954;6,119266055;0,302752294;30,5;33,333333;East Asia & Pacific;;;;
2017;Paraguay;42,6728972;600;26,78504673;3,738317757;0,308411215;0;3,738317757;0;5,607476636;2,495327103;41,666667;61;Latin America & Caribbean;;;;
2017;Peru;73,05769231;604;36,83653846;5,451923077;2,567307692;5,769230769;8,009615385;6,086538462;6,086538462;2,25;77,75;83,333333;Latin America & Caribbean;;;;
2017;Philippines;66,67889908;608;38,23853211;2,752293578;3,064220183;4,587155963;6,724770642;0;7,935779817;3,376146789;55,5;83,333333;East Asia & Pacific;;;;
2017;Poland;59;616;29,03669725;5,201834862;0;1,825688073;7,642201835;0;10,70642202;4,587155963;75;94,5;Eastern Europe & Central Asia;;;;
2017;Portugal;65,73148148;620;32,7037037;4,944444444;0;5,555555556;7,712962963;0;9,564814815;5,25;72,166667;72,166667;Western Europe, U.S. & Canada;;;;
2017;Qatar;0;634;0;0;0;0;0;0;0;0;0;5,5;Middle East & North Africa;;;;
2017;Romania;74,97222222;642;41,02777778;5,555555556;0,916666667;0;7,407407407;6,175925926;9,259259259;4,62962963;58,416667;72,166667;Eastern Europe & Central Asia;;;;
2017;Russia;72,23148148;643;37,02777778;3,703703704;2,787037037;0;7,101851852;6,796296296;10,49074074;4,324074074;75,083333;83,333333;Eastern Europe & Central Asia;;;;
2017;Rwanda;22,02752294;646;0,917431193;4,899082569;1,52293578;4,28440367;6,422018349;0;0;3,981651376;63,916667;50;Sub-Saharan Africa;;;;
2017;Sao Tomé e Príncipe;30,88073394;678;20,77981651;4,899082569;0;0;5,201834862;0;0;0;35,916667;66,666667;Sub-Saharan Africa;;;;
2017;Saudi Arabia;0,908256881;682;0;0;0,908256881;0;0;0;0;0;0;33,333333;Middle East & North Africa;;;;
2017;Senegal;51,0733945;686;22,9266055;4,889908257;2,752293578;5,201834862;7,339449541;0;5,825688073;2,137614679;41,666667;33,333333;Sub-Saharan Africa;;;;
2017;Serbia;43,40366972;688;29,33027523;4,899082569;0;0;5,504587156;0;0;3,669724771;52,833333;83,333333;Eastern Europe & Central Asia;;;;
2017;Sierra Leone;38,20183486;694;28,11009174;0;2,449541284;0;3,972477064;0;0;3,669724771;27,583333;72,166667;Sub-Saharan Africa;;;;
2017;Slovakia;58,92592593;703;32,40740741;4,62962963;0,916666667;4,314814815;4,935185185;0;9,259259259;2,462962963;47,166667;72,166667;Eastern Europe & Central Asia;;;;
2017;Slovenia;69,41284404;705;35,16513761;5,201834862;0,908256881;0;5,504587156;6,422018349;10,39449541;5,816513761;77,833333;83,333333;Eastern Europe & Central Asia;;;;
2017;Somalia;7,95412844;706;0;3,055045872;0;0;0;0;4,899082569;0;8,3333333;50;Sub-Saharan Africa;;;;
2017;South Africa;88,59259259;710;45,37037037;2,472222222;2,777777778;5,555555556;7,101851852;8,333333333;11,11111111;5,87037037;77,75;100;Sub-Saharan Africa;;;;
2017;South Korea;60,43925234;410;29,28037383;4,672897196;2,495327103;1,551401869;7,168224299;0;10,59813084;4,672897196;86,166667;83,333333;East Asia & Pacific;;;;
2017;South Sudan;4,587155963;728;0;4,587155963;0;0;0;0;0;0;44,333333;72,333333;Sub-Saharan Africa;;;;
2017;Spain;54,33333333;724;34,57407407;5,555555556;0;4,944444444;7,712962963;0;0;1,546296296;47,25;72,166667;Western Europe, U.S. & Canada;;;;
2017;Sri Lanka;43,73394495;144;28,13761468;3,981651376;0;0;3,055045872;0;7,944954128;0,614678899;41,666667;66,666667;South Asia;;;;
2017;Sudan;1,52293578;729;0;0;0;1,52293578;0;0;0;0;22,166667;50;Sub-Saharan Africa;;;;
2017;Swaziland;2,752293578;748;0;0;0;0;0;0;0;2,752293578;44,416667;22,166667;Sub-Saharan Africa;;;;
2017;Sweden;87,00952381;752;40,32380952;5,085714286;3,495238095;5,714285714;8,257142857;7,942857143;9,523809524;6,666666667;80,583333;94,5;Western Europe, U.S. & Canada;;;;
2017;Tajikistan;29,95412844;762;10,37614679;3,678899083;0,908256881;3,357798165;6,422018349;0;5,211009174;0;63,833333;66,666667;Eastern Europe & Central Asia;;;;
2017;Tanzania;10,40366972;834;0;2,449541284;0;3,055045872;0;0;0;4,899082569;41,666667;38,833333;Sub-Saharan Africa;;;;
2017;Thailand;55,63302752;764;31,17431193;5,504587156;1,52293578;4,28440367;5,80733945;4,275229358;0;3,064220183;44,416667;66,666667;East Asia & Pacific;;;;
2017;Timor-Leste;39,55140187;626;31,14018692;4,046728972;1,242990654;0;0;0;0;3,121495327;50;66,666667;East Asia & Pacific;;;;
2017;Trinidad and Tobago;33,28440367;780;27,77981651;1,220183486;0;0;0;0;0;4,28440367;38,75;55,5;Latin America & Caribbean;;;;
2017;Tunisia;38,81651376;788;21,68807339;4,28440367;1,834862385;0;4,889908257;0;5,504587156;0,614678899;41,75;22,166667;Middle East & North Africa;;;;
2017;Turkey;58,26851852;792;30,52777778;4,935185185;1,231481481;0;7,407407407;4,62037037;7,694444444;1,851851852;50;77,666667;Eastern Europe & Central Asia;;;;
2017;Uganda;59,95412844;800;29,98165138;4,587155963;0;4,899082569;4,275229358;5,201834862;7,944954128;3,064220183;52,666667;83,333333;Sub-Saharan Africa;;;;
2017;Ukraine;54,39449541;804;23,80733945;5,201834862;1,532110092;2,449541284;7,642201835;0;8,256880734;5,504587156;86,25;77,833333;Eastern Europe & Central Asia;;;;
2017;United Kingdom;74,13084112;826;38;1,560747664;0;5,607476636;7,476635514;6,542056075;9,336448598;5,607476636;50;88,833333;Western Europe, U.S. & Canada;;;;
2017;United States;76,64485981;840;46,11214953;2,177570093;0,308411215;0;8,102803738;7,168224299;6,85046729;5,925233645;80,5;94,5;Western Europe, U.S. & Canada;;;;
2017;Venezuela;0,302752294;862;0;0;0;0;0;0;0;0,302752294;11;66,5;Latin America & Caribbean;;;;
2017;Vietnam;14,68807339;704;0,614678899;4,28440367;0,302752294;1,825688073;2,76146789;0;4,899082569;0;72,166667;72,166667;East Asia & Pacific;;;;
2017;Yemen;0;887;0;0;0;0;0;0;0;0;5,5;16,666667;Middle East & North Africa;;;;
2017;Zambia;7,944954128;894;0;2,137614679;0;0;1,52293578;0;0;4,28440367;36;72,333333;Sub-Saharan Africa;;;;
2017;Zimbabwe;22,93577982;716;12,22018349;0;0;2,146788991;0;4,28440367;0;4,28440367;41,583333;50;Sub-Saharan Africa;;;;
