country;year;obi;co_code;obi_ebp;obi_eb;obi_cb;obi_pbs;obi_iyr;obi_myr;obi_yer;obi_ar;leg_obi;sai_obi;region;inc_group;di_demtype;gdp_ppp_by;gdp_ppp_obiyear
Afghanistan;2008;8,33696;4;0;67;0;0;50;0;10;0;24,2727;6,7;South Asia;Low income;Authoritarian Regime;1023;1019
Afghanistan;2010;21,0326;4;0;100;0;0;87,5;91,75;26,7;33,4286;47,1667;26,7;South Asia;Low Income;Authoritarian Regime;935,05;996,19
Afghanistan;2012;58,6154;4;66,6727;100;58,25;100;87,5;0;37,1111;0;48,4545;75;South Asia;Low Income;Authoritarian Regime;956,45;1007,95
Afghanistan;2015;41,8113;4;38,4902;72,1667;41,5;72,3333;66,7778;0;38,1429;43;36,3636;50;South Asia;Low Income;Authoritarian Regime;1972,18;2051,05
Albania;2006;24,8901;8;17,2407;67;0;0;75;0;19,9;33,5;47,1667;62,625;Eastern Europe & Central Asia;Lower Middle Income;Hybrid Regime;5786;6054
Albania;2008;37,3297;8;40,0556;33;0;0;91,625;0;0;28,7143;41,5833;66,8;Eastern Europe & Central Asia;Lower Middle Income;Hybrid Regime;6395;6755
Albania;2010;32,9674;8;30,8909;67;0;0;79,25;0;16,6;23,8571;44,5;50;Eastern Europe & Central Asia;Lower Middle Income;Hybrid Regime;7163,8;7342,33
Albania;2012;46,6947;8;50,0172;100;0;100;95,875;0;0;52,5714;51,5455;100;Eastern Europe & Central Asia;Lower Middle Income;Hybrid Regime;7741,43;7840,62
Albania;2015;38,2202;8;40,0926;94,5;0;72,1667;77,7778;0;0;43;48,5455;91,75;Eastern Europe & Central Asia;Upper Middle Income;Hybrid Regime;11054,7;11688,9
Algeria;2006;28,1957;12;40,5273;67;0;0;0;0;29,8;0;38,8333;12,5;Middle East & North Africa;Lower Middle Income;Authoritarian Regime;7176;7210
Algeria;2008;1,81522;12;0;67;0;0;0;0;0;0;30,5;16,7;Middle East & North Africa;Lower Middle Income;Authoritarian Regime;7316;7422
Algeria;2010;0,728261;12;0;67;0;0;0;0;0;0;33,3333;13,4;Middle East & North Africa;Upper Middle Income;Authoritarian Regime;6869,05;7124,38
Algeria;2012;13,3263;12;20,1034;100;0;0;0;0;0;0;21,1818;33,5;Middle East & North Africa;Upper Middle Income;Authoritarian Regime;7333,23;7541,85
Algeria;2015;18,9633;12;30,8519;50,1667;0;0;11,1111;0;0;0;36,2727;33,5;Middle East & North Africa;Upper Middle Income;Authoritarian Regime;14256,3;14802,3
Angola;2006;4,69565;24;0;67;33;0;0;0;23,2;0;22,25;12,5;Sub-Saharan Africa;Lower Middle Income;Authoritarian Regime;3611;4164
Angola;2008;3,97826;24;0;67;33;0;0;0;13,3;0;33,3333;10;Sub-Saharan Africa;Lower Middle Income;Authoritarian Regime;4875;5375
Angola;2010;26,0652;24;35,1091;100;0;0;0;0;26,7;0;22,25;10;Sub-Saharan Africa;Lower Middle Income;Authoritarian Regime;6116,52;6401,09
Angola;2012;27,6947;24;29,8448;100;0;0;79,25;0;16,6;0;18,1818;25;Sub-Saharan Africa;Lower Middle Income;Authoritarian Regime;5894,62;6356,02
Angola;2015;25,5833;24;40,8302;77,6667;33,25;0;0;0;0;0;20,1;33,25;Sub-Saharan Africa;Upper Middle Income;Authoritarian Regime;8185,88;8573,33
Argentina;2006;39,8261;32;44,8;100;0;0;66,75;0;26,5;0;33,3333;33,375;Latin America & Caribbean;Upper middle income;Flawed Democracy;10819;11623
Argentina;2008;56,022;32;61,0556;100;0;0;87,625;0;53,3;23,8571;41,6667;46,7;Latin America & Caribbean;Upper middle income;Flawed Democracy;12506;13220
Argentina;2010;56,3846;32;60,4444;100;0;0;95,875;0;53,3;23,8571;41,6667;46,7;Latin America & Caribbean;Upper Middle Income;Flawed Democracy;14560,9;15030,4
Argentina;2012;50,0213;32;54,386;100;0;0;95,875;0;50,1;33,4286;29,9;75;Latin America & Caribbean;Upper Middle Income;Flawed Democracy;17516,2;18318,7
Argentina;2015;59,2407;32;64,1132;94,5;0;27,6667;81,4444;0;85,7857;47,5714;30;91,75;Latin America & Caribbean;Upper Middle Income;Flawed democracy;22101,3;21924,3
Azerbaijan;2006;30,0543;31;47,8545;33;0;0;0;0;0;0;22,1667;0;Eastern Europe & Central Asia;Lower Middle Income;Authoritarian Regime;4496;5981
Azerbaijan;2008;36,5109;31;49,6364;33;0;0;0;24,75;33,1;0;24,9167;10;Eastern Europe & Central Asia;Lower Middle Income;Authoritarian Regime;7395;8101
Azerbaijan;2010;43,413;31;50,8545;33;0;0;54,125;33;19,9;33,4286;33,25;20;Eastern Europe & Central Asia;Lower Middle Income;Authoritarian Regime;9563,92;9809,53
Azerbaijan;2012;42,4211;31;53,4138;33;0;0;45,875;16,5;26,6;28,5714;39,3636;33,25;Eastern Europe & Central Asia;Lower Middle Income;Authoritarian Regime;10201,6;10568,4
Azerbaijan;2015;50,8796;31;62,8113;77,8333;58,25;0;55,5556;0;45,2143;47,5714;36,7;49,75;Eastern Europe & Central Asia;Upper Middle Income;Authoritarian Regime;17943,2;18913,5
Bangladesh;2006;39,4457;50;55,6909;33;0;0;58,375;0;0;0;24,9167;37,375;South Asia;Low income;Flawed Democracy;1069;1123
Bangladesh;2008;41,6522;50;58,1273;33;0;0;75,25;0;0;0;8,33333;26,7;South Asia;Low income;Hybrid Regime;1178;1233
Bangladesh;2010;47,8261;50;63,0182;67;0;0;79,25;0;0;0;27,75;30;South Asia;Low Income;Hybrid Regime;1465;1527,02
Bangladesh;2012;57,9263;50;75,8966;67;0;0;87,5;66,75;0;9,57143;57,5455;66,75;South Asia;Low Income;Hybrid Regime;1692,96;1790,27
Bangladesh;2015;56,2752;50;69,7407;89;41,75;0;70,4444;48,1111;35,7143;14,2857;48,5455;75;South Asia;Low Income;Hybrid Regime;3385,5;3631,19
Benin;2012;1,4;204;1,72414;33;0;0;0;0;0;0;45,4545;41,5;Sub-Saharan Africa;Low Income;Flawed Democracy;1481,06;1510,26
Benin;2015;45,2661;204;55,5741;72,3333;58,5;27,6667;77,7778;44,3333;0;0;27,3636;41,5;Sub-Saharan Africa;Low Income;Hybrid Regime;1873,76;1957,78
Bolivia;2006;20,6413;68;21,8;100;0;0;0;0;40;25;50;41,625;Latin America & Caribbean;Lower Middle Income;Flawed Democracy;3757;3857
Bolivia;2008;6,52174;68;0;100;0;0;20,875;0;16,7;9,42857;25;39,9;Latin America & Caribbean;Lower Middle Income;Flawed Democracy;3788;3950
Bolivia;2010;13,413;68;0;100;0;0;91,75;0;10;28,5714;41,6667;36,6;Latin America & Caribbean;Lower Middle Income;Hybrid Regime;4454,99;4575,65
Bolivia;2012;11,9368;68;1,72414;100;0;0;79,375;0;13,3;23,7143;45,4545;75;Latin America & Caribbean;Lower Middle Income;Hybrid Regime;4789,21;4995,97
Bolivia;2015;16,8349;68;0;83,5;0;0;74,2222;0;33,2857;28,5714;57,7273;58,25;Latin America & Caribbean;Lower Middle Income;Hybrid Regime;6222,43;6530,17
Bosnia and Herzegovina;2008;44,2093;70;33,3333;67;0;100;66,75;0;48,2222;88,8333;44,4167;90;Eastern Europe & Central Asia;Lower Middle Income;Hybrid Regime;5852;6215
Bosnia and Herzegovina;2010;44,3294;70;31,32;33;0;100;75,125;0;48,2222;94,5;33,25;93,4;Eastern Europe & Central Asia;Upper Middle Income;Hybrid Regime;7361,14;7427,65
Bosnia and Herzegovina;2012;49,8202;70;47,5185;33;0;100;70,875;0;48,2222;89;42,3636;100;Eastern Europe & Central Asia;Upper Middle Income;Hybrid Regime;8133;8250,62
Bosnia and Herzegovina;2015;43,25;70;35,2549;66,6667;0;72,1667;66,6667;0;56,3846;89;36,6;83,25;Eastern Europe & Central Asia;Upper Middle Income;Hybrid Regime;9807,99;10359,6
Botswana;2006;65,2637;72;74,7407;67;0;0;79,25;0;46,8;66,75;50,0833;58,375;Sub-Saharan Africa;Upper middle income;Flawed Democracy;12067;12252
Botswana;2008;62;72;69,7273;100;0;0;75,125;0;46,8;57,1429;55,5833;56,7;Sub-Saharan Africa;Upper middle income;Flawed Democracy;12363;12537
Botswana;2010;50,75;72;64,8545;100;0;0;0;0;33,5;57,1429;55,5833;73,3;Sub-Saharan Africa;Upper Middle Income;Flawed Democracy;13992,4;14783,6
Botswana;2012;49,5158;72;60,9483;67;58,5;78;0;0;26,7;52,4286;57,6364;100;Sub-Saharan Africa;Upper Middle Income;Flawed Democracy;16029,8;16578,6
Botswana;2015;47,0734;72;52,4259;83,3333;58,25;55,3333;0;0;62;52,4286;69,7273;100;Sub-Saharan Africa;Upper Middle Income;Flawed democracy;15981,6;16758,3
Brazil;2006;73,9348;76;80,0182;100;0;100;95,875;0;83,3;66,75;77,75;66,75;Latin America & Caribbean;Upper middle income;Flawed Democracy;8505;8745
Brazil;2008;74,191;76;77,7963;100;0;100;91,75;0;85,2222;55,6667;56,7;53,4;Latin America & Caribbean;Upper middle income;Flawed Democracy;9146;9517
Brazil;2010;71,3913;76;76,4;100;0;100;100;0;56,7;57;48,3636;83,3;Latin America & Caribbean;Upper Middle Income;Flawed Democracy;10513,8;11065,6
Brazil;2012;73,021;76;78,2241;100;58,25;89;79,25;0;66,7;71,2857;60,6364;100;Latin America & Caribbean;Upper Middle Income;Flawed Democracy;11769,4;12181,3
Brazil;2015;77,0734;76;67,2778;94,5;66,75;83,5;96,3333;59,2222;95,2143;100;80,1;75;Latin America & Caribbean;Upper Middle Income;Flawed democracy;15153,3;15518,8
Bulgaria;2006;47,2198;100;45,0185;67;0;0;100;0;63,3;16,5;36,1667;37,375;Eastern Europe & Central Asia;Upper middle income;Flawed Democracy;8666;9299
Bulgaria;2008;56,7692;100;53,7037;67;0;100;100;0;73,3;14,1429;25,0833;29,9;Eastern Europe & Central Asia;Upper middle income;Flawed Democracy;8666;9299
Bulgaria;2010;55,6923;100;54,3519;67;0;100;100;0;60;14,1429;44,5;33,3;Eastern Europe & Central Asia;Upper Middle Income;Flawed Democracy;11900,3;12066,5
Bulgaria;2012;65,3053;100;63,2586;67;0;100;100;50;76,8;57,1429;30,2727;66,75;Eastern Europe & Central Asia;Upper Middle Income;Flawed Democracy;13597,4;14020,6
Bulgaria;2015;65,4954;100;65,5;83,5;24,75;94,5;92,6667;37,1111;61,9286;57,1429;39,4545;83,5;Eastern Europe & Central Asia;Upper Middle Income;Flawed democracy;17115,1;17869,2
Burkina Faso;2006;11,2391;854;0;67;0;0;45,875;41,75;29,9;0;44,5;20,75;Sub-Saharan Africa;Low income;Authoritarian Regime;1040;1060
Burkina Faso;2008;14,4783;854;0;67;0;0;50;41,5;36,6;33,2857;44,5;26,6;Sub-Saharan Africa;Low income;Authoritarian Regime;1062;1072
Burkina Faso;2010;5,44565;854;0;100;0;0;50,125;0;0;0;63,9167;23,3;Sub-Saharan Africa;Low Income;Authoritarian Regime;1304,46;1340,59
Burkina Faso;2012;22,7895;854;28,6897;33;0;78;0;0;23,4;0;75,8182;50;Sub-Saharan Africa;Low Income;Authoritarian Regime;1466,14;1524,06
Burkina Faso;2015;42,8165;854;42,6111;72,3333;0;72,1667;66,6667;55,4444;0;57,1429;39,4545;50;Sub-Saharan Africa;Low Income;Hybrid Regime;1725,93;1824,62
Cambodia;2008;10,8804;116;0;33;0;0;71;0;13,3;0;11,0833;30;East Asia & Pacific;Low income;Hybrid Regime;1717;1802
Cambodia;2010;14,5217;116;0;67;0;66,6667;66,875;0;26,7;0;30,5833;33,3;East Asia & Pacific;Low Income;Hybrid Regime;2014,98;2084,02
Cambodia;2012;14,7579;116;5,17241;67;0;66,6667;71;0;26,7;0;39,3636;58,25;East Asia & Pacific;Low Income;Hybrid Regime;2215,69;2360,69
Cambodia;2015;7,65138;116;1,85185;72,1667;0;50,1667;0;0;0;0;43,3;58,25;East Asia & Pacific;Low Income;Hybrid Regime;3281,57;3533,63
Cameroon;2006;29,337;120;41,2;33;0;67;0;24,75;0;0;11;0;Sub-Saharan Africa;Lower Middle Income;Authoritarian Regime;1956;1973
Cameroon;2008;5,44565;120;0;67;0;78;0;50;0;0;27,1818;9,9;Sub-Saharan Africa;Lower Middle Income;Authoritarian Regime;1996;2027
Cameroon;2010;2,17391;120;0;33;0;55,6667;0;0;0;0;13,75;3,3;Sub-Saharan Africa;Lower Middle Income;Authoritarian Regime;2146,89;2163,36
Cameroon;2012;10,1789;120;1,72414;33;0;55,6667;75,125;0;0;9,42857;21,0909;8,25;Sub-Saharan Africa;Lower Middle Income;Authoritarian Regime;2257,13;2321,73
Cameroon;2015;43,7248;120;63,5556;88,8333;0;44,5;0;0;38,1429;0;24,2727;33,25;Sub-Saharan Africa;Lower Middle Income;Authoritarian Regime;2981,95;3116,66
Chad;2006;5,42391;148;0;67;0;0;0;0;33,2;0;19,4167;0;Sub-Saharan Africa;Low income;Authoritarian Regime;1342;1305
Chad;2008;7,97826;148;0;67;0;0;0;0;50,1;19;47,25;13,3;Sub-Saharan Africa;Low income;Authoritarian Regime;1271;1234
Chad;2010;0,358696;148;0;33;0;0;0;0;0;0;16,5833;6,7;Sub-Saharan Africa;Low Income;Authoritarian Regime;1611,71;1652,51
Chad;2012;2,81053;148;3,44828;67;0;0;0;0;0;0;45,6364;41,5;Sub-Saharan Africa;Low Income;Authoritarian Regime;1865,12;1969,91
Chad;2015;3,98165;148;1,85185;72,3333;0;0;0;0;0;0;51,5455;66,75;Sub-Saharan Africa;Low Income;Authoritarian Regime;2645,42;2805,09
Chile;2010;72,1304;152;81,8364;100;67;0;75,125;66,75;50;57,1429;30,5;80;Latin America & Caribbean;Upper Middle Income;Flawed Democracy;14340,9;14939,6
Chile;2012;66,3298;152;73,7193;100;41,5;0;71;58,25;53,3;61,8571;66,6364;100;Latin America & Caribbean;Upper Middle Income;Flawed Democracy;17221,7;17974,2
Chile;2015;58,0185;152;60,3585;77,8333;33,25;0;85,2222;48,1111;52,3571;76,2857;66,6;100;Latin America & Caribbean;High Income;Flawed democracy;23165,1;24170
China;2008;13,7717;156;0;0;0;0;54,25;0;36,7;38;19,4167;63,4;East Asia & Pacific;Lower Middle Income;Authoritarian Regime;5085;5515
China;2010;13,0435;156;0;0;0;0;75,125;0;26,6;47,5714;2,75;56,7;East Asia & Pacific;Lower Middle Income;Authoritarian Regime;6567;7239,91
China;2012;10,8947;156;0;0;0;0;75,125;0;20;33,4286;12,0909;25;East Asia & Pacific;Upper Middle Income;Authoritarian Regime;8382,01;9142,67
China;2015;13,7523;156;0,611111;61;0;0;55,5556;0;26,2143;33,2857;3;50;East Asia & Pacific;Upper Middle Income;Authoritarian Regime;12893,4;13992,7
Colombia;2006;56,913;170;66,7273;67;0;0;37,5;0;36,5;83,5;69,5;83,375;Latin America & Caribbean;Lower Middle Income;Flawed Democracy;7204;7589
Colombia;2008;60,5652;170;63,7091;100;33;78;58,375;0;43,3;71,5714;55,5;80,1;Latin America & Caribbean;Lower Middle Income;Flawed Democracy;8041;8125
Colombia;2010;60,5326;170;72,7455;67;0;33,3333;91,75;0;30;9,57143;52,75;66,7;Latin America & Caribbean;Upper Middle Income;Flawed Democracy;8936,41;9091,9
Colombia;2012;58,2737;170;69,5517;100;0;33,3333;83,5;0;36,7;38,1429;70;100;Latin America & Caribbean;Upper Middle Income;Flawed Democracy;10248,6;10742,4
Colombia;2015;56,8624;170;71,5926;83,3333;24,75;22,1667;88,8889;0;38,0714;38,1429;83,3;91,75;Latin America & Caribbean;Upper Middle Income;Flawed democracy;13458,8;14164,4
Costa Rica;2006;44,8444;188;53,7407;100;0;0;0;0;50,1;50;54,5455;71,4286;Latin America & Caribbean;Upper middle income;Full Democracy;9002;9642
Costa Rica;2008;45,1889;188;48,7593;100;0;0;37,5;0;50,1;38,8333;54,5455;70,3333;Latin America & Caribbean;Upper middle income;Full Democracy;10247;10374
Costa Rica;2010;46,6222;188;58,6111;100;0;0;0;0;36,5;44,3333;54,5455;70,3333;Latin America & Caribbean;Upper Middle Income;Full Democracy;10579,3;10686,9
Costa Rica;2012;49,9778;188;64,8571;100;0;0;0;0;55,5556;53,2;69,7273;100;Latin America & Caribbean;Upper Middle Income;Full Democracy;11927,5;12424,7
Costa Rica;2015;53,9429;188;65,3654;94,5;33,25;0;62,8889;0;58,9231;38,8333;72,8182;91,75;Latin America & Caribbean;Upper Middle Income;Full democracy;14914,4;15534
Croatia;2006;42,4022;191;32,1273;100;0;78;87,5;0;33,3;91,75;41,5833;70,875;Eastern Europe & Central Asia;High income;Flawed Democracy;14271;14954
Croatia;2008;59,3517;191;58,6667;100;100;100;75;0;43,4;57;55,5833;53,2;Eastern Europe & Central Asia;High income;Flawed Democracy;15787;16166
Croatia;2010;56,8022;191;51,8704;100;0;100;95,875;0;43,4;71,4286;61,0833;73,4;Eastern Europe & Central Asia;High Income;Flawed Democracy;17703,3;17856,5
Croatia;2012;61,3789;191;64,3276;100;0;100;91,625;0;56,7;57,1429;66,7273;75;Eastern Europe & Central Asia;High Income;Flawed Democracy;18191,7;18331
Croatia;2015;52,8899;191;44,3889;89;33,25;94,5;66,7778;0;69;81;27,3636;91,75;Eastern Europe & Central Asia;High Income;Flawed democracy;20392,5;20873
Czech Republic;2006;60,8242;203;63,5926;67;0;0;91,75;0;76,7;66,5;72,7273;62,5;Eastern Europe & Central Asia;Low income;Full Democracy;20362;21678
Czech Republic;2008;61,9231;203;64,2222;67;0;0;91,75;0;70;52,2857;72,25;73,3;Eastern Europe & Central Asia;Low income;Full Democracy;22862;23223
Czech Republic;2010;62,2857;203;62,9815;67;0;0;95,875;0;70;61,8571;80,6667;66,7;Eastern Europe & Central Asia;High Income;Full Democracy;24093,3;24832,8
Czech Republic;2012;74,9247;203;78,5893;67;0;66,6667;95,875;100;66,6;66,7143;75,8182;91,75;Eastern Europe & Central Asia;High Income;Full Democracy;27062,2;27380,6
Czech Republic;2015;68,8318;203;58,2885;100;66,75;72,3333;88,8889;88,8889;69;66,7143;81,9091;83,25;Eastern Europe & Central Asia;High Income;Flawed democracy;28446;29658,7
Dem. Rep. of Congo;2008;0,736264;180;0;67;0;0;0;0;0;0;8,33333;0;Sub-Saharan Africa;Upper middle income;Authoritarian Regime;281;290
Dem. Rep. of Congo;2010;5,81522;180;0;67;67;0;20,875;0;0;0;16,75;20;Sub-Saharan Africa;Low Income;Authoritarian Regime;332,05;342,24
Dem. Rep. of Congo;2012;18,0957;180;26,3333;0;0;0;25;0;0;0;45,4545;41,5;Sub-Saharan Africa;Low Income;Authoritarian Regime;348,1;364,48
Dem. Rep. of Congo;2015;39,4587;180;50,6481;83,5;24,75;77,6667;55,5556;0;0;0;39,4545;50;Sub-Saharan Africa;Low Income;Authoritarian Regime;702,784;753,907
Dominican Republic;2008;11,7033;214;0;100;0;0;62,625;0;26,5;27,6667;15,0909;53,2;Latin America & Caribbean;Lower Middle Income;Flawed Democracy;7231;7505
Dominican Republic;2010;14,3187;214;0;100;0;0;66,875;0;50,2;27,6667;21,1818;33,2222;Latin America & Caribbean;Upper Middle Income;Flawed Democracy;8896,22;9139,24
Dominican Republic;2012;29,0842;214;33,2931;100;0;0;41,75;0;19,9;28,4286;63,6364;66,5;Latin America & Caribbean;Upper Middle Income;Flawed Democracy;9286,72;9654,67
Dominican Republic;2015;50,7615;214;54,2778;72,3333;50;0;74,2222;0;64,2857;57,1429;69,7273;58,25;Latin America & Caribbean;Upper Middle Income;Flawed democracy;12803,3;13348
Ecuador;2006;31,5326;218;35,7636;100;0;0;87,5;0;6,7;0;19,4167;25;Latin America & Caribbean;Lower Middle Income;Hybrid Regime;6736;6923
Ecuador;2008;39,1304;218;40,6;100;0;0;91,625;0;23,4;0;27,1818;33,3;Latin America & Caribbean;Lower Middle Income;Hybrid Regime;7022;7402
Ecuador;2010;31,1209;218;30,2407;100;0;0;79,125;0;16,6;0;21,1818;39,9;Latin America & Caribbean;Lower Middle Income;Hybrid Regime;7880,71;8021,84
Ecuador;2012;30,5158;218;29,2586;100;0;78;70,875;0;30,1;0;40,6667;58,25;Latin America & Caribbean;Upper Middle Income;Hybrid Regime;8492,43;8854
Ecuador;2015;50,3019;218;57,2264;100;0;0;85,1111;0;71,7692;0;21,2727;75;Latin America & Caribbean;Upper Middle Income;Hybrid Regime;11352,4;11839,2
Egypt;2006;18,5109;818;0;67;0;0;70,875;16,75;56,7;0;30,5833;54,25;Middle East & North Africa;Lower Middle Income;Authoritarian Regime;4319;4530
Egypt;2008;43,4457;818;52,6727;67;0;0;87,5;0;0;4,71429;38,9167;33,3;Middle East & North Africa;Lower Middle Income;Authoritarian Regime;4762;5011
Egypt;2010;48,587;818;51,5455;67;0;0;91,75;41,75;46,7;0;41,75;30;Middle East & North Africa;Lower Middle Income;Authoritarian Regime;6123,06;6347,35
Egypt;2012;13,3368;818;2,2931;67;0;0;87,5;0;36,7;0;57,5455;50;Middle East & North Africa;Lower Middle Income;Hybrid Regime;6539,84;6594
Egypt;2015;16,2202;818;0;44,5;0;0;66,6667;48,2222;33,3571;0;0;41,75;Middle East & North Africa;Lower Middle Income;Authoritarian Regime;11073,5;11443,9
El Salvador;2006;27,8696;222;29,0364;100;100;0;41,75;0;30;0;61,0833;41,625;Latin America & Caribbean;Lower Middle Income;Flawed Democracy;5687;5902
El Salvador;2008;37,3736;222;32,0926;100;100;55,6667;79,125;0;36,8;0;61,1667;53,3;Latin America & Caribbean;Lower Middle Income;Flawed Democracy;6151;6280
El Salvador;2010;36,989;222;30,8519;100;100;44,3333;79,125;0;43,4;0;41,6667;53,3;Latin America & Caribbean;Lower Middle Income;Flawed Democracy;7365,78;7442,51
El Salvador;2012;43,4947;222;48,2586;100;33,25;0;79,125;0;46,7;0;54,5455;100;Latin America & Caribbean;Lower Middle Income;Flawed Democracy;7549,79;7745,98
El Salvador;2015;52,8716;222;54,9074;94,5;24,75;38,6667;70,4444;0;78,5;23,8571;78,8182;91,75;Latin America & Caribbean;Lower Middle Income;Flawed democracy;8014,18;8275,84
Equatorial Guinea;2008;0;226;0;0;0;0;0;0;0;0;2,75;0;Sub-Saharan Africa;High income;Authoritarian Regime;28876;31309
Equatorial Guinea;2010;0;226;0;0;0;0;0;0;0;0;13,9167;0;Sub-Saharan Africa;High Income;Authoritarian Regime;18599,6;18371,8
Equatorial Guinea;2012;0;226;0;0;0;0;0;0;0;0;9,09091;0;Sub-Saharan Africa;High Income;Authoritarian Regime;19355,5;19818,1
Equatorial Guinea;2015;3,66972;226;0;66,6667;0;0;0;0;0;0;24,0909;0;Sub-Saharan Africa;High Income;Authoritarian Regime;32557;29735,4
Fiji;2008;12,6957;242;0;100;0;89;0;0;36,7;38,1429;57,6364;33,4;East Asia & Pacific;Upper middle income;Hybrid Regime;4043;4025
Fiji;2010;0;242;0;0;0;0;0;0;0;0;0;6,6;East Asia & Pacific;Upper Middle Income;Authoritarian Regime;4358,61;4445,63
Fiji;2012;5,63158;242;3,46552;100;0;78;0;0;0;0;0;8,25;East Asia & Pacific;Lower Middle Income;Authoritarian Regime;4620,19;4728,06
Fiji;2015;15,2936;242;1,85185;88,8333;0;72,3333;0;0;42,8571;0;0;25;East Asia & Pacific;Upper Middle Income;Hybrid Regime;8234,75;8553,95
France;2006;88,6923;250;86,4815;100;100;100;95,875;91,75;96,7;91,75;66,75;70,875;Western Europe & the U.S.;High income;Full Democracy;29809;30227
France;2008;86,8571;250;88,3333;100;100;100;100;0;100;76,2857;75,0833;70,1;Western Europe & the U.S.;High income;Full Democracy;30636;30595
France;2010;86,8242;250;85,8148;100;100;100;95,875;33,25;100;81;72,3333;76,7;Western Europe & the U.S.;High Income;Flawed Democracy;33678,5;34249,8
France;2012;82,8105;250;83,3448;100;24,75;100;100;66,75;90;81;85;91,75;Western Europe & the U.S.;High Income;Flawed Democracy;35156,4;35613,4
France;2015;75,8532;250;78,4074;94,5;58,5;49,8333;77,7778;33,4444;95,2143;85,7143;91;75;Western Europe & the U.S.;High Income;Full democracy;40445,4;41396
Georgia;2006;33,6556;268;28,3519;67;0;55,3333;49,875;66,75;26,6;50;48,4545;71,2857;Eastern Europe & Central Asia;Lower Middle Income;Hybrid Regime;3527;3905
Georgia;2008;52,8506;268;56,3846;67;33;66,6667;58,5;66,5;40,5556;27,8333;44,4167;50;Eastern Europe & Central Asia;Lower Middle Income;Hybrid Regime;4444;4586
Georgia;2010;54,6966;268;59,9074;67;0;89;79,25;0;25,7778;38,8333;47,1667;53,3;Eastern Europe & Central Asia;Lower Middle Income;Hybrid Regime;4757,24;4882,12
Georgia;2012;55,3187;268;76,3818;100;0;100;0;0;0;72,1667;81,9091;91,75;Eastern Europe & Central Asia;Lower Middle Income;Hybrid Regime;5491,09;5929,33
Georgia;2015;66,3832;268;70,5385;89;33,25;77,8333;92,6667;0;71,4286;66,7143;72,8182;100;Eastern Europe & Central Asia;Lower Middle Income;Hybrid Regime;7665,57;8222,77
Germany;2008;64,0667;276;69,1698;100;0;0;91,625;25;40;71,4286;91,6667;83,4;Western Europe & the U.S.;High income;Full Democracy;33183;33668
Germany;2010;68,1778;276;71,6981;100;0;0;95,875;58,5;43,4;76,2857;77,75;86,7;Western Europe & the U.S.;High Income;Full Democracy;34212,3;34905,1
Germany;2012;71,3441;276;79,1964;100;0;89;95,875;33,25;50;61,8571;81,8182;100;Western Europe & the U.S.;High Income;Full Democracy;37896,9;38695,9
Germany;2015;70,7103;276;73,7115;100;0;66,6667;85,2222;62,8889;61,9286;62;87,9091;75;Western Europe & the U.S.;High Income;Full democracy;44741;46165,9
Ghana;2006;42,3696;288;64,2;100;0;0;0;41,75;0;0;44,4167;54,125;Sub-Saharan Africa;Low income;Hybrid Regime;1193;1242
Ghana;2008;49,6413;288;67,2364;67;67;0;79,375;0;0;9,57143;47,3333;36,7;Sub-Saharan Africa;Low income;Hybrid Regime;1285;1351
Ghana;2010;54,3913;288;67,9455;67;0;0;0;83,5;36,6;66,7143;61,1667;63,4;Sub-Saharan Africa;Low Income;Flawed Democracy;1550,83;1591,11
Ghana;2012;49,8;288;57,431;33;0;0;83,375;50;0;71,4286;78,9091;91,75;Sub-Saharan Africa;Lower Middle Income;Flawed Democracy;3083,29;3312,71
Ghana;2015;51,3578;288;58;50;50;0;62,8889;0;57,1429;85,7143;54,4545;66,5;Sub-Saharan Africa;Lower Middle Income;Flawed democracy;4172,68;4338,27
Guatemala;2006;46,3152;320;50,2182;100;0;0;83,375;0;23,2;75;55,5833;54,125;Latin America & Caribbean;Lower Middle Income;Flawed Democracy;4064;4178
Guatemala;2008;46;320;53,3273;100;0;0;79,125;0;19,9;9,57143;50;40;Latin America & Caribbean;Lower Middle Income;Flawed Democracy;4332;4397
Guatemala;2010;50;320;55,1818;100;0;0;79,125;0;23,2;42,8571;49,9167;53,3;Latin America & Caribbean;Lower Middle Income;Flawed Democracy;4839,55;4874,55
Guatemala;2012;50,5158;320;54,5862;100;50;55,3333;79,25;0;26,6;38,1429;42,4545;100;Latin America & Caribbean;Lower Middle Income;Hybrid Regime;5069,69;5164,71
Guatemala;2015;46,156;320;51,7963;89;0;0;74,1111;0;45,2143;57,1429;57,5455;83,25;Latin America & Caribbean;Lower Middle Income;Hybrid Regime;7476,93;7704,2
Honduras;2006;38,0543;340;44,8545;67;0;0;45,875;0;40,1;16,5;52,75;41,5;Latin America & Caribbean;Lower Middle Income;Flawed Democracy;3270;3419
Honduras;2008;11,5978;340;0;33;0;0;66,75;0;43,4;9,42857;41,6667;43,3;Latin America & Caribbean;Lower Middle Income;Flawed Democracy;3564;3631
Honduras;2010;10,8696;340;0;67;0;0;79,25;0;26,6;4,71429;36,1667;39,9;Latin America & Caribbean;Lower Middle Income;Hybrid Regime;4150,79;4175,29
Honduras;2012;53,3263;340;59,7586;100;41,5;66,6667;75,125;24,75;23,3;28,7143;66,7273;66,5;Latin America & Caribbean;Lower Middle Income;Hybrid Regime;4345,15;4461,21
Honduras;2015;42,7798;340;32,037;100;33,25;38,6667;74,2222;48;45,2857;33,4286;69,7273;50;Latin America & Caribbean;Lower Middle Income;Hybrid Regime;4712,71;4849,3
Hungary;2015;48,8991;348;56,7407;49,8333;0;0;70,3333;0;57,1429;76,2857;57,6364;83,25;Eastern Europe & Central Asia;Upper Middle Income;Flawed democracy;24335,9;25406,3
India;2006;52,8913;356;54,5273;100;67;0;79,125;50;36,7;83,25;22,1667;54,125;South Asia;Lower Middle Income;Flawed Democracy;2234;2416
India;2008;60,4891;356;62,3818;100;67;0;95,875;25;40;61,8571;44,5;63,3;South Asia;Lower Middle Income;Flawed Democracy;2600;2721
India;2010;66,6923;356;67,2963;100;67;0;95,875;75,25;40;71,4286;50;66,7;South Asia;Lower Middle Income;Flawed Democracy;2940,74;3176,15
India;2012;67,7579;356;72,4483;100;41,75;0;91,625;83,5;40,1;71,4286;75,7273;100;South Asia;Lower Middle Income;Flawed Democracy;3693,53;3944,3
India;2015;45,844;356;54,8889;94,5;33,25;0;77,7778;0;7,14286;76,1429;39,3636;75;South Asia;Lower Middle Income;Flawed democracy;5777,02;6176,29
Indonesia;2006;41,663;360;45,4545;100;0;0;0;83,25;53,4;58,25;55,5833;33,25;East Asia & Pacific;Lower Middle Income;Flawed Democracy;3217;3352
Indonesia;2008;54,3261;360;46,6364;100;0;89;62,5;100;60;66,5714;66,6667;63,3;East Asia & Pacific;Lower Middle Income;Flawed Democracy;3519;3689
Indonesia;2010;50,6848;360;59,3455;100;0;77,6667;0;100;0;66,5714;55,5833;59,9;East Asia & Pacific;Lower Middle Income;Flawed Democracy;4156,7;4379,66
Indonesia;2012;61,7158;360;67,1552;100;41,75;89;0;91,75;56,7;71,4286;84,8182;66,75;East Asia & Pacific;Lower Middle Income;Flawed Democracy;4666,01;4943,57
Indonesia;2015;58,7064;360;55,5185;83,3333;58,25;0;70,4444;77,8889;59,5;71,4286;81,8182;75;East Asia & Pacific;Lower Middle Income;Flawed democracy;10156,7;10759,2
Iraq;2010;0,358696;368;0;0;0;0;0;0;0;4,71429;30,5833;46,6;Middle East & North Africa;Lower Middle Income;Hybrid Regime;3569,88;3757,92
Iraq;2012;3,86316;368;1,72414;67;0;0;0;0;10;14,2857;51,4545;66,75;Middle East & North Africa;Lower Middle Income;Hybrid Regime;3885,62;4271,6
Iraq;2015;3,05505;368;0;55,5;0;0;0;0;0;0;26,6;50;Middle East & North Africa;Upper Middle Income;Hybrid Regime;13784,3;13817,1
Italy;2010;57,8901;380;53,0741;100;0;100;62,625;66,75;50;66,7143;72,3333;73,4;Western Europe & the U.S.;High Income;Flawed Democracy;29109,5;29347,1
Italy;2012;60,2979;380;57,3333;100;33,25;100;83,375;50;50;71,4286;69,7273;66,75;Western Europe & the U.S.;High Income;Flawed Democracy;30464,4;30132,6
Italy;2015;72,5278;380;70,434;100;41,75;89;77,7778;77,7778;66,6429;66,5714;78,8182;66,75;Western Europe & the U.S.;High Income;Flawed democracy;34455,3;35228
Jordan;2006;50,1868;400;55,5556;67;0;0;79,375;0;29,9;58,5;19,4167;45,75;Middle East & North Africa;Lower Middle Income;Authoritarian Regime;4348;4590
Jordan;2008;52,5109;400;58,1273;67;0;55,6667;91,75;0;26,5;23,8571;33,3333;23,3;Middle East & North Africa;Lower Middle Income;Authoritarian Regime;4839;5055
Jordan;2010;50;400;53,9091;67;0;44,3333;87,625;0;36,8;23,7143;36,0833;26,7;Middle East & North Africa;Lower Middle Income;Authoritarian Regime;5620,04;5758,51
Jordan;2012;57,1789;400;66,069;100;0;44,3333;87,5;0;36,7;42,8571;63,7273;25;Middle East & North Africa;Upper Middle Income;Authoritarian Regime;5899,68;6001,76
Jordan;2015;55,0917;400;59,2963;89;33,25;50,1667;77,8889;0;47,6429;66,7143;45,4545;41,75;Middle East & North Africa;Upper Middle Income;Authoritarian Regime;11973,6;12397,9
Kazakhstan;2006;43,087;398;42,9818;67;0;44,3333;87,5;0;16,6;66,75;55,6667;33,375;Eastern Europe & Central Asia;Upper middle income;Authoritarian Regime;8699;9529
Kazakhstan;2008;34,7717;398;30,2727;100;0;0;87,5;0;20;38,1429;58,3333;23,3;Eastern Europe & Central Asia;Upper middle income;Authoritarian Regime;10259;10458
Kazakhstan;2010;38,0769;398;36,4074;100;0;0;75;0;16,6;47,5714;58,25;43,3;Eastern Europe & Central Asia;Upper Middle Income;Authoritarian Regime;11693,4;12044,5
Kazakhstan;2012;47,8404;398;43,2456;100;58,5;66,6667;83,375;0;46,5;52,2857;66,7273;33,25;Eastern Europe & Central Asia;Upper Middle Income;Authoritarian Regime;13001,4;13926,4
Kazakhstan;2015;51,2222;398;32,6604;89;0;83,5;88,8889;63;71,3571;57,1429;69,6364;58,5;Eastern Europe & Central Asia;Upper Middle Income;Authoritarian Regime;24143,7;25367,3
Kenya;2006;48,1848;404;42,4;67;0;100;87,625;0;53,3;50;33,3333;45,75;Sub-Saharan Africa;Low income;Hybrid Regime;1339;1386
Kenya;2008;57,663;404;61,8909;100;0;100;83,5;0;40;33,2857;36;49,9;Sub-Saharan Africa;Low income;Hybrid Regime;1446;1432
Kenya;2010;49,2935;404;55,1636;67;0;100;75,125;0;0;47,5714;58,3333;56,6;Sub-Saharan Africa;Low Income;Hybrid Regime;1729,61;1782,03
Kenya;2012;49,1263;404;55,1724;33;33,25;100;83,5;0;0;47,5714;63,6364;83,25;Sub-Saharan Africa;Low Income;Hybrid Regime;1745,96;1807,53
Kenya;2015;48;404;53,0556;16,6667;41,75;94,5;77,7778;0;35,6429;47,7143;48,5455;66,5;Sub-Saharan Africa;Low Income;Hybrid Regime;3138,11;3304,48
Kyrgyz Republic;2008;8,33696;417;0;67;0;0;70,875;0;10;4,71429;13,9167;36,7;Eastern Europe & Central Asia;Low income;Hybrid Regime;1898;2025
Kyrgyz Republic;2010;15,2609;417;0;67;0;0;71;0;50,2;0;44,4167;46,7;Eastern Europe & Central Asia;Low Income;Hybrid Regime;2253,49;2341,22
Kyrgyz Republic;2012;20;417;18,9483;67;0;0;58,375;0;26,7;0;46,6;58,25;Eastern Europe & Central Asia;Low Income;Hybrid Regime;2372,41;2497,67
Kyrgyz Republic;2015;54,4037;417;55,5;72,3333;75;83,3333;55,5556;55,4444;33,3571;33,2857;69,7273;41,5;Eastern Europe & Central Asia;Lower Middle Income;Hybrid Regime;3384,54;3581,33
Lebanon;2008;32,2065;422;27,2;33;0;0;95,875;0;33,4;28,5714;38,9167;16,6;Middle East & North Africa;Upper middle income;Hybrid Regime;10100;10877
Lebanon;2010;31,8681;422;28,3889;0;0;0;91,75;0;33,3;0;30,5833;13,3;Middle East & North Africa;Upper Middle Income;Hybrid Regime;14225,9;14988,4
Lebanon;2012;32,6277;422;39,1754;0;0;0;91,75;0;10;0;36,3636;41,75;Middle East & North Africa;Upper Middle Income;Hybrid Regime;15522,8;15985,5
Lebanon;2015;2,44954;422;1,85185;0;0;0;0;0;19,0714;0;16,6;41,75;Middle East & North Africa;Upper Middle Income;Hybrid Regime;17754,3;18358
Liberia;2008;2,8913;430;0;100;0;0;0;0;10;0;33,3333;23,3;Sub-Saharan Africa;Low income;Hybrid Regime;350;358
Liberia;2010;39,5109;430;36,9636;0;0;0;83,5;83,25;33,4;38,1429;47,1667;50,1;Sub-Saharan Africa;Low Income;Hybrid Regime;424,29;433,93
Liberia;2012;42,8211;430;46,5862;67;0;44,3333;79,375;33;39,9;0;51,4545;75;Sub-Saharan Africa;Low Income;Hybrid Regime;456,44;490,41
Liberia;2015;37,6147;430;48,7593;72,1667;0;0;63;51,8889;0;0;33,3636;33,25;Sub-Saharan Africa;Low Income;Hybrid Regime;900,755;934,095
Macedonia;2008;54,3696;807;46,0727;67;0;0;62,5;75;73,4;85,7143;66,75;86,7;Eastern Europe & Central Asia;Lower Middle Income;Flawed Democracy;7895;8282
Macedonia;2010;48,5652;807;46,6727;67;0;0;66,75;16,5;36,7;85,7143;61,25;80;Eastern Europe & Central Asia;Upper Middle Income;Flawed Democracy;9170,67;9390,42
Macedonia;2012;35,4211;807;39,6207;100;0;0;50;0;16,6;57,2857;54,6364;100;Eastern Europe & Central Asia;Upper Middle Income;Flawed Democracy;10366,8;10692,1
Macedonia;2015;35,4587;807;35,7407;89;0;0;37;0;45,2857;62;42,4545;100;Eastern Europe & Central Asia;Upper Middle Income;Flawed democracy;13204;13901,1
Malawi;2006;41,7473;454;64,1852;100;0;0;12,375;0;0;0;33,1667;41,75;Sub-Saharan Africa;Low income;Hybrid Regime;627;660
Malawi;2008;27,5326;454;43,6364;100;0;0;0;0;0;4,71429;16,5833;26,6;Sub-Saharan Africa;Low income;Hybrid Regime;697;744
Malawi;2010;47,1196;454;57,5818;0;67;0;75;0;50,1;0;16,5833;23,3;Sub-Saharan Africa;Low Income;Hybrid Regime;884,73;925,25
Malawi;2012;52,3263;454;64,9655;100;0;0;83,5;50,25;0;33,4286;57,4545;41,5;Sub-Saharan Africa;Low Income;Hybrid Regime;859,85;882,67
Malawi;2015;64,8073;454;85,7593;88,8333;0;0;70,3333;0;90,5;0;66,7273;41,75;Sub-Saharan Africa;Low Income;Hybrid Regime;781,357;819,688
Malaysia;2008;34,7889;458;40,9423;33;0;0;58,5;0;10;47,7143;24,2727;53,4;East Asia & Pacific;Upper middle income;Flawed Democracy;12763;13129
Malaysia;2010;38,8242;458;45,6296;33;0;0;58,5;0;6,7;47,7143;30,3636;53,4;East Asia & Pacific;Upper Middle Income;Flawed Democracy;13769,3;14275,4
Malaysia;2012;38,6211;458;47,1379;33;0;0;33,5;0;16,7;66,7143;51,6364;100;East Asia & Pacific;Upper Middle Income;Flawed Democracy;15567,9;16186
Malaysia;2015;45,5596;458;46,8889;94,5;0;0;55,5556;0;50;95,2857;15,1818;66,75;East Asia & Pacific;Upper Middle Income;Flawed democracy;24520,8;25833,2
Mali;2010;35,1413;466;49,0727;100;0;0;0;50,25;13,3;14,2857;66,75;53,3;Sub-Saharan Africa;Low Income;Flawed Democracy;1172,99;1213,59
Mali;2012;42,8;466;55,7241;100;75;0;50,125;0;0;4,71429;69,7273;83,25;Sub-Saharan Africa;Low Income;Flawed Democracy;1127,52;1173,64
Mali;2015;46,4954;466;61,7407;94,5;75;55,6667;59,2222;0;0;0;69,7273;50;Sub-Saharan Africa;Low Income;Hybrid Regime;1559,43;1614,1
Mexico;2006;49,9674;484;41,1636;67;0;0;95,875;66,75;60;66,5;36,0833;50;Latin America & Caribbean;Upper middle income;Flawed Democracy;12563;13025
Mexico;2008;54,6957;484;44,8182;100;0;66,6667;100;66,75;56,7;52,2857;42,3636;46,7;Latin America & Caribbean;Upper middle income;Flawed Democracy;13307;13407
Mexico;2010;51,989;484;51,7963;67;0;55,6667;95,875;0;46,7;38;45,4545;50;Latin America & Caribbean;Upper Middle Income;Flawed Democracy;13628,1;14151,3
Mexico;2012;61,3404;484;64,8947;67;50;55,6667;95,875;0;56,7;42,7143;51,5455;91,75;Latin America & Caribbean;Upper Middle Income;Flawed Democracy;14609,8;15177,5
Mexico;2015;65,7615;484;67,2963;89;75;55,5;100;0;71,5;66,5714;45,4545;91,75;Latin America & Caribbean;Upper Middle Income;Flawed democracy;17925,1;18714,1
Mongolia;2006;18,1196;496;0;33;0;89;91,625;0;10;83,5;38,9167;54,125;East Asia & Pacific;Lower Middle Income;Flawed Democracy;2613;2802
Mongolia;2008;35,8261;496;39,3273;33;0;89;87,5;0;0;0;36,0833;46,8;East Asia & Pacific;Lower Middle Income;Flawed Democracy;3053;3286
Mongolia;2010;59,8043;496;63,0364;67;0;89;87,5;0;50;47,7143;55,5833;56,7;East Asia & Pacific;Lower Middle Income;Flawed Democracy;3481,05;3702,61
Mongolia;2012;50,5263;496;52,8621;67;0;77,6667;87,5;0;43,4;42,8571;66,6364;75;East Asia & Pacific;Lower Middle Income;Flawed Democracy;4743,75;5548,33
Mongolia;2015;51,3761;496;49,3704;89;24,75;77,8333;70,4444;0;61,8571;47,7143;69,7273;91,75;East Asia & Pacific;Lower Middle Income;Flawed democracy;10157;11051,7
Morocco;2006;19,1522;504;16,8909;33;0;0;70,875;0;6,6;0;11,0833;0;Middle East & North Africa;Lower Middle Income;Authoritarian Regime;3497;3722
Morocco;2008;27,5;504;31,4364;67;0;0;66,75;0;6,6;0;25;3,3;Middle East & North Africa;Lower Middle Income;Authoritarian Regime;3776;3938
Morocco;2010;28,2065;504;39,8909;67;0;0;20,875;0;3,3;0;33,3333;13,3;Middle East & North Africa;Lower Middle Income;Authoritarian Regime;4604,22;4745,2
Morocco;2012;37,5368;504;43,6552;67;41,75;0;87,5;0;0;14,2857;33,3;25;Middle East & North Africa;Lower Middle Income;Authoritarian Regime;5052,25;5251,65
Morocco;2015;38,2018;504;45,6296;77,8333;91,75;0;70,3333;0;0;33,2857;21,1818;16,75;Middle East & North Africa;Lower Middle Income;Authoritarian Regime;7666,36;8097,23
Mozambique;2010;28,2391;508;40,5818;100;0;0;0;0;3,3;4,71429;47,25;26,6;Sub-Saharan Africa;Low Income;Hybrid Regime;933,83;981,32
Mozambique;2012;46,7979;508;49,7368;100;0;66,6667;75,125;33;36,5;23,7143;36,2727;25;Sub-Saharan Africa;Low Income;Hybrid Regime;1084,9;1149,96
Mozambique;2015;38,2385;508;37,6667;88,8333;50;77,8333;74,1111;0;0;38,1429;33,3636;41,75;Sub-Saharan Africa;Low Income;Hybrid Regime;1123,29;1208,61
Myanmar;2012;0;104;0;0;0;0;0;0;0;0;12,0909;8,25;East Asia & Pacific;Low Income;Authoritarian Regime;1324,63;1393,89
Myanmar;2015;1,82569;104;0;33,1667;0;0;0;0;0;0;27,2727;25;East Asia & Pacific;Low Income;Authoritarian Regime;4751,72;5207,68
Namibia;2006;50,0326;516;67,9091;33;0;0;41,75;67;19,9;0;38,8333;37,5;Sub-Saharan Africa;Lower Middle Income;Flawed Democracy;5389;5660
Namibia;2008;46,3804;516;68,5091;33;0;0;16,75;0;6,6;38;30,5;39,9;Sub-Saharan Africa;Lower Middle Income;Flawed Democracy;5855;5909
Namibia;2010;52,7802;516;72,2778;33;0;0;16,75;0;43,4;42,7143;30,5;49,9;Sub-Saharan Africa;Upper Middle Income;Flawed Democracy;6614,02;6717,03
Namibia;2012;54,7609;516;74,6182;33;0;0;16,75;0;50,1;38;29,9;66,75;Sub-Saharan Africa;Upper Middle Income;Flawed Democracy;7363,18;7694,44
Namibia;2015;45,963;516;64,7358;22,1667;50;0;26;0;47,5714;42,8571;16,6;75;Sub-Saharan Africa;Upper Middle Income;Flawed democracy;10764,2;11361,1
Nepal;2006;35,8696;524;46,6545;0;0;0;50;8,25;6,7;58,5;0;20,875;South Asia;Low income;Authoritarian Regime;956;972
Nepal;2008;43,4783;524;49,6909;100;0;0;54,125;83,25;6,7;47,7143;50;46,7;South Asia;Low income;Hybrid Regime;986;1020
Nepal;2010;44,9783;524;48,5091;0;0;0;58,5;66,75;30,1;38,1429;30,5;56,7;South Asia;Low Income;Hybrid Regime;1205,27;1237,54
Nepal;2012;44,3723;524;52,0702;67;0;0;46;75,25;20;38,1429;39,2727;100;South Asia;Low Income;Hybrid Regime;1328;1388,38
Nepal;2015;24,2018;524;1,85185;89;0;0;44,5556;59,4444;45,2857;62;18,1818;75;South Asia;Low Income;Hybrid Regime;2380,67;2516,94
New Zealand;2006;86,2759;554;88,72;100;67;100;95,875;91,75;80,2;100;69,5;79,25;East Asia & Pacific;High income;Full Democracy;24876;25026
New Zealand;2008;85,8851;554;89,38;100;67;100;100;91,75;80,2;71,4286;61,1667;76,7;East Asia & Pacific;High income;Full Democracy;25532;25011
New Zealand;2010;90,1034;554;91,4;100;67;100;91,625;91,75;76,8;95,2857;66,6667;93,4;East Asia & Pacific;High Income;Full Democracy;26707,8;27364,6
New Zealand;2012;93,163;554;93,3818;100;66,75;100;95,875;91,75;96,7;95,2857;60,7273;100;East Asia & Pacific;High Income;Full Democracy;27668,4;28372,3
New Zealand;2015;88,3868;554;89,5294;100;75;94,5;81,5556;89;83,3571;90,5714;45,4545;91,75;East Asia & Pacific;High Income;Full democracy;34975,2;36342,7
Nicaragua;2006;20,6413;558;16,9455;100;0;0;71;0;19,9;0;22,1667;33,25;Latin America & Caribbean;Lower Middle Income;Hybrid Regime;2314;2369
Nicaragua;2008;18,7826;558;16,2727;67;0;0;66,75;0;13,2;0;25,0833;23,3;Latin America & Caribbean;Lower Middle Income;Flawed Democracy;2431;2484
Nicaragua;2010;36,5543;558;41,7636;33;0;0;66,875;0;23,2;23,7143;27,8333;23,3;Latin America & Caribbean;Lower Middle Income;Hybrid Regime;2626,88;2635,9
Nicaragua;2012;41,7474;558;52,2931;67;0;0;62,625;0;26,6;14,1429;45,5455;50;Latin America & Caribbean;Lower Middle Income;Hybrid Regime;3205,62;3325,13
Nicaragua;2015;46,4495;558;55,5185;77,8333;0;0;77,7778;0;52,2857;23,7143;60,7273;41,75;Latin America & Caribbean;Lower Middle Income;Hybrid Regime;4797,02;5018,76
Niger;2008;26,0978;562;32,1091;67;0;0;0;0;33,4;0;63,8333;33,3;Sub-Saharan Africa;Low income;Authoritarian Regime;599;631
Niger;2010;3,27174;562;0;67;0;0;0;0;0;0;55,5833;23,3;Sub-Saharan Africa;Low Income;Authoritarian Regime;719,14;733,31
Niger;2012;3,51579;562;4,60345;67;0;0;0;0;0;0;63,7273;50;Sub-Saharan Africa;Low Income;Hybrid Regime;771,08;863,46
Niger;2015;16,5046;562;26,5185;0;0;61,1667;0;0;0;0;72,7273;50;Sub-Saharan Africa;Low Income;Hybrid Regime;1032,12;1069,59
Nigeria;2006;20,3043;566;23,0364;67;0;100;0;0;0;0;47,25;12,5;Sub-Saharan Africa;Low income;Authoritarian Regime;1737;1801
Nigeria;2008;19,2065;566;30,9091;67;0;0;0;0;0;0;39;10;Sub-Saharan Africa;Low income;Authoritarian Regime;1872;1939
Nigeria;2010;17,7717;566;13,3455;100;67;78;62,5;0;0;0;58,4167;16,6;Sub-Saharan Africa;Lower Middle Income;Authoritarian Regime;2249,04;2357,83
Nigeria;2012;15,7579;566;8,60345;67;0;55,6667;62,375;0;26,5;0;75,7273;66,75;Sub-Saharan Africa;Lower Middle Income;Authoritarian Regime;2578,25;2722,25
Nigeria;2015;23,8257;566;25,2593;44,5;58,25;0;0;0;52,3571;0;66,7273;50;Sub-Saharan Africa;Lower Middle Income;Authoritarian Regime;6081,67;6467,23
Norway;2006;72,3258;578;74,3846;100;0;0;62,5;91,75;70;91,75;80,6667;87,625;Western Europe & the U.S.;High income;Full Democracy;47305;47996
Norway;2008;79,8315;578;82,75;100;100;0;79,375;91,75;69,9;85,8571;86,1667;90,1;Western Europe & the U.S.;High income;Full Democracy;48991;49416
Norway;2010;83,2135;578;85,3462;100;100;0;83,5;91,75;76,6;95,2857;88,9167;96,7;Western Europe & the U.S.;High Income;Full Democracy;52561,3;52964,3
Norway;2012;82,8495;578;89,3393;100;75;0;87,625;100;53,4;95,2857;87,9091;100;Western Europe & the U.S.;High Income;Full Democracy;53470,7;54479,1
Norway;2015;84,1402;578;90,4038;94,5;83,5;0;96,3333;92,5556;73,8571;95,2857;94;91,75;Western Europe & the U.S.;High Income;Full democracy;65895,7;67619,1
Pakistan;2006;51,4674;586;59,4;67;0;0;50,125;33,5;53,3;58,25;24,9167;62,5;South Asia;Low income;Authoritarian Regime;2184;2270
Pakistan;2008;38,0217;586;52,6909;67;0;0;0;0;0;52,4286;24,9167;56,7;South Asia;Low income;Hybrid Regime;2348;2344
Pakistan;2010;38,4239;586;60,0364;100;0;0;0;0;0;14,2857;27,6667;43,4;South Asia;Lower Middle Income;Hybrid Regime;2661,02;2713,27
Pakistan;2012;57,9158;586;75,8621;100;0;0;50,125;0;23,4;52,4286;51,4545;91,75;South Asia;Lower Middle Income;Hybrid Regime;2786,95;2859,87
Pakistan;2015;42,789;586;63,537;94,5;0;0;33,3333;0;0;52,2857;27,1818;66,75;South Asia;Lower Middle Income;Hybrid Regime;4746,41;4943,26
Papua New Guinea;2006;51,8261;598;69,7091;100;0;100;54,25;0;3,3;0;30,5;37,5;East Asia & Pacific;Low income;Flawed Democracy;1859;1861
Papua New Guinea;2008;60,5326;598;61,2182;100;0;100;79,25;91,75;30;38,1429;25;39,9;East Asia & Pacific;Low income;Flawed Democracy;1935;2013
Papua New Guinea;2010;56,9022;598;69,1091;0;0;100;0;91,75;43,3;14,2857;25;33,3;East Asia & Pacific;Lower Middle Income;Flawed Democracy;2166,66;2302,36
Papua New Guinea;2012;55,8;598;71,2931;0;0;100;0;91,75;33,3;23,7143;48,2727;41,75;East Asia & Pacific;Lower Middle Income;Flawed Democracy;2532,2;2694,05
Papua New Guinea;2015;55,3211;598;70,2963;88,8333;0;44,5;0;81,5556;47,6429;4,71429;36,2727;50;East Asia & Pacific;Lower Middle Income;Flawed democracy;2404,41;2856,67
Peru;2006;76,8261;604;75,1636;100;0;100;100;83,25;73,4;66,75;58,25;54,25;Latin America & Caribbean;Lower Middle Income;Flawed Democracy;6323;6731
Peru;2008;66,6374;604;66,0185;100;0;66,6667;100;33,25;66,6;42,8571;55,5;49,9;Latin America & Caribbean;Lower Middle Income;Flawed Democracy;7242;7858
Peru;2010;64,8022;604;66,6481;100;0;0;100;41,5;63,2;42,8571;63,8333;56,6;Latin America & Caribbean;Upper Middle Income;Flawed Democracy;8638,43;9107,55
Peru;2012;56,734;604;65,4912;100;0;0;87,5;41,5;36,7;38,1429;60,5455;83,25;Latin America & Caribbean;Upper Middle Income;Flawed Democracy;10062,4;10588,7
Peru;2015;75,0874;604;72,62;94,5;75,25;100;100;77,8889;56,3846;50,1667;66,6364;83,25;Latin America & Caribbean;Upper Middle Income;Flawed democracy;11988,6;12638,8
Philippines;2006;51,4457;608;57;100;0;0;62,5;24,75;23,2;100;50;62,5;East Asia & Pacific;Lower Middle Income;Flawed Democracy;2927;3027
Philippines;2008;48,2391;608;52,2182;100;0;0;75;33,25;23,2;47,7143;41,6667;63,4;East Asia & Pacific;Lower Middle Income;Flawed Democracy;3182;3244
Philippines;2010;55,1413;608;61,9273;100;0;0;91,75;0;23,2;47,7143;50,0833;60;East Asia & Pacific;Lower Middle Income;Flawed Democracy;3520,59;3603,51
Philippines;2012;48,4632;608;58,1034;100;0;0;95,875;0;0;52,4286;36,3636;91,75;East Asia & Pacific;Lower Middle Income;Flawed Democracy;4072,88;4214,39
Philippines;2015;63,9266;608;64,2407;44,5;66,5;61;74,2222;62,7778;64,2143;66,8571;36,4545;91,75;East Asia & Pacific;Lower Middle Income;Flawed democracy;6985,68;7412,24
Poland;2006;73,5435;616;66,0364;100;0;100;95,875;33,25;90,1;100;80,5833;87,5;Eastern Europe & Central Asia;Upper middle income;Flawed Democracy;13784;14652
Poland;2008;67;616;55,7091;100;0;66,6667;100;41,5;96,3333;85,7143;72,25;90;Eastern Europe & Central Asia;Upper middle income;Flawed Democracy;15655;16418
Poland;2010;64,4505;616;55,9623;100;0;44,3333;100;41,5;90;71,4286;72,25;80;Eastern Europe & Central Asia;Upper Middle Income;Flawed Democracy;18072,4;18705,9
Poland;2012;58,8298;616;57,2807;100;0;55,3333;75;41,5;73,3;71,4286;48,4545;100;Eastern Europe & Central Asia;Upper Middle Income;Flawed Democracy;20334,2;21310,3
Poland;2015;64,1759;616;61,6038;89;0;33,1667;92,5556;51,7778;83,3571;66,7143;51,5455;91,75;Eastern Europe & Central Asia;High Income;Flawed democracy;24428,8;25703,5
Portugal;2010;57,5682;620;62,2642;100;0;0;100;0;48,1111;44,5;69,5;53,3;Western Europe & the U.S.;High Income;Full Democracy;21858,7;22026,7
Portugal;2012;61,6087;620;65,4821;67;0;100;100;0;40,7778;66,7143;57,6364;75;Western Europe & the U.S.;High Income;Flawed Democracy;23361,3;22853,4
Portugal;2015;64,4231;620;63,3922;89;49,75;100;88,8889;0;69,2308;72,3333;69,7273;66,5;Western Europe & the U.S.;High Income;Flawed democracy;26306,5;27180,2
Qatar;2012;0;634;0;0;0;0;0;0;0;0;0;0;Middle East & North Africa;High Income;Authoritarian Regime;102943;106284
Qatar;2015;0;634;0;0;0;0;0;0;0;0;0;0;Middle East & North Africa;High Income;Authoritarian Regime;144427;146012
Romania;2006;66,3261;642;72,7273;67;0;0;100;0;73,5;50;58,3333;50;Eastern Europe & Central Asia;Upper middle income;Flawed Democracy;8789;9504
Romania;2008;61,6087;642;76,3818;67;0;0;12,5;0;90;14,2857;52,8333;60;Eastern Europe & Central Asia;Upper middle income;Flawed Democracy;10093;11062
Romania;2010;58,6848;642;72,0909;67;0;0;20,875;0;80,1;28,4286;33,3333;63,3;Eastern Europe & Central Asia;Upper Middle Income;Flawed Democracy;11917,3;12131,4
Romania;2012;46,9895;642;54,569;67;0;55,3333;95,875;8,25;6,7;28,4286;57,5455;100;Eastern Europe & Central Asia;Upper Middle Income;Flawed Democracy;12476,5;12843,1
Romania;2015;75,2202;642;78,3519;100;0;89;77,7778;55,6667;80,9286;71,4286;54,4545;100;Eastern Europe & Central Asia;Upper Middle Income;Flawed democracy;19397,3;20355,7
Russia;2006;47,2527;643;33,9444;100;0;66,6667;87,5;67;50;83,25;75,0833;58,25;Eastern Europe & Central Asia;Upper middle income;Hybrid Regime;11861;12833
Russia;2008;57,9674;643;56,3455;100;100;89;95,875;0;26,7;61,8571;69,5;73,3;Eastern Europe & Central Asia;Upper middle income;Hybrid Regime;13911;14706
Russia;2010;60,163;643;55,7636;100;0;89;95,875;0;56,7;66,7143;69,5;76,7;Eastern Europe & Central Asia;Upper Middle Income;Hybrid Regime;14920;15737,7
Russia;2012;74,0526;643;82,2069;100;0;77,6667;95,875;0;70;66,7143;84,8182;100;Eastern Europe & Central Asia;Upper Middle Income;Authoritarian Regime;16736;17691,1
Russia;2015;74,3211;643;74,6852;66,6667;66,75;89;81,5556;85,1111;69;57,2857;78,7273;100;Eastern Europe & Central Asia;High Income;Authoritarian Regime;24764,4;25350,9
Rwanda;2008;1,44565;646;0;100;0;0;0;0;0;4,71429;50;49,9;Sub-Saharan Africa;Low income;Authoritarian Regime;877;949
Rwanda;2010;10,8696;646;0;100;100;67;0;0;26,6;33,2857;52,75;53,4;Sub-Saharan Africa;Low Income;Authoritarian Regime;1149,87;1195,12
Rwanda;2012;7,73684;646;4,03448;100;0;0;0;0;30,1;14,2857;72,8182;91,75;Sub-Saharan Africa;Low Income;Authoritarian Regime;1340,53;1430,85
Rwanda;2015;35,7523;646;8,61111;100;58,25;83,3333;59,2222;44,3333;45,2143;76,2857;51,5455;25;Sub-Saharan Africa;Low Income;Authoritarian Regime;1685,66;1782,46
S?o Tomé e Príncipe;2008;0,728261;678;0;67;0;0;0;0;0;0;16,6667;30;Sub-Saharan Africa;High income;;1551;1615
S?o Tomé e Príncipe;2010;0;678;0;0;0;0;0;0;0;0;13,9167;30;Sub-Saharan Africa;Lower Middle Income;;1814,13;1878,33
S?o Tomé e Príncipe;2012;28,7684;678;37,3276;0;0;0;71;0;0;0;51,4545;41,5;Sub-Saharan Africa;Lower Middle Income;;2251,76;2359,13
S?o Tomé e Príncipe;2015;29,3394;678;45,6481;94,5;41,5;0;0;0;0;0;39,9;55,6667;Sub-Saharan Africa;Lower Middle Income;;3138,29;3306,66
Saudi Arabia;2008;1,08696;682;0;0;0;0;0;0;0;0;0;26,7;Middle East & North Africa;Low income;Authoritarian Regime;21643;22158
Saudi Arabia;2010;1,08696;682;0;0;0;0;0;0;0;0;0;23,4;Middle East & North Africa;High Income;Authoritarian Regime;23221,4;23701,3
Saudi Arabia;2012;1,05263;682;1,72414;0;0;0;0;0;0;0;0;58,5;Middle East & North Africa;High Income;Authoritarian Regime;24237,4;25466
Saudi Arabia;2015;0;682;0;0;0;0;0;0;0;0;0;33,5;Middle East & North Africa;High Income;Authoritarian Regime;53935,1;56253,4
Senegal;2008;2,8913;686;0;33;0;0;16,625;0;0;14,2857;38,8333;20;Sub-Saharan Africa;Low income;Hybrid Regime;1646;1656
Senegal;2010;2,88043;686;0;33;0;0;20,75;0;0;9,42857;25;23,3;Sub-Saharan Africa;Low Income;Hybrid Regime;1743,1;1772,88
Senegal;2012;10,1789;686;0;0;0;66,6667;95,875;0;0;0;30,3636;58,25;Sub-Saharan Africa;Lower Middle Income;Hybrid Regime;1870,99;1921,5
Senegal;2015;42,8349;686;51,2593;77,8333;50;94,5;74,1111;0;0;0;66,7273;58,25;Sub-Saharan Africa;Lower Middle Income;Flawed democracy;2316,3;2398,26
Serbia;2008;45,6739;688;56,3636;67;0;0;83,5;0;10;0;30,5833;23,3;Eastern Europe & Central Asia;Upper middle income;Flawed Democracy;9509;9668
Serbia;2010;53,6196;688;64,2182;67;0;77,6667;79,375;0;23,3;0;38,9167;30;Eastern Europe & Central Asia;Upper Middle Income;Flawed Democracy;10635,4;10897,5
Serbia;2012;38,9579;688;40,2241;67;0;0;87,625;16,75;19,9;47,7143;48,5455;83,5;Eastern Europe & Central Asia;Upper Middle Income;Flawed Democracy;10642;10811
Serbia;2015;47,0826;688;56,1111;89;0;0;59,3333;0;45,2857;57,1429;42,4545;66,75;Eastern Europe & Central Asia;Upper Middle Income;Flawed democracy;12605,3;12971,5
Sierra Leone;2012;39,4194;694;51,7679;33;0;0;41,75;0;10;42,8571;26,6;75;Sub-Saharan Africa;Low Income;Hybrid Regime;848,82;1138,46
Sierra Leone;2015;52,0183;694;58,6667;72,3333;50;0;59,3333;0;64,2857;62;36,1818;66,5;Sub-Saharan Africa;Low Income;Hybrid Regime;2068,76;2284,06
Slovakia;2010;56,7912;703;54,9444;67;0;44,6667;91,625;41,75;63,3;28,5714;45,4545;66,7;Eastern Europe & Central Asia;High Income;Flawed Democracy;21244,9;22246
Slovakia;2012;67,0213;703;70,7719;67;41,5;55,6667;91,625;50;63,3;42,8571;36,6;100;Eastern Europe & Central Asia;High Income;Flawed Democracy;23303,9;24144,8
Slovakia;2015;56,8056;703;60,3962;94,5;24,75;39;66,6667;48,2222;54,7857;33,2857;33,3;66,75;Eastern Europe & Central Asia;High Income;Flawed democracy;27664,6;28887,7
Slovenia;2006;81,7143;705;71,6481;100;0;100;95,875;100;100;100;75,1667;100;Eastern Europe & Central Asia;High income;Full Democracy;23460;24766
Slovenia;2008;73,5652;705;64,8545;100;0;66,6667;100;91,75;80;95,2857;75,0833;96,7;Eastern Europe & Central Asia;High income;Full Democracy;26294;27182
Slovenia;2010;69,5652;705;63,0182;100;0;0;100;91,75;76,6;95,2857;75,0833;96,7;Eastern Europe & Central Asia;High Income;Flawed Democracy;27654,3;28118,1
Slovenia;2012;74,0526;705;70,1379;100;0;77,6667;100;91,75;80;95,2857;78,8182;100;Eastern Europe & Central Asia;High Income;Flawed Democracy;28641,6;28704,9
Slovenia;2015;67,5872;705;69,7407;94,5;0;0;66,6667;70,4444;80,9286;95,2857;66,7273;83,25;Eastern Europe & Central Asia;High Income;Flawed democracy;29358,6;30266,4
South Africa;2006;85,5326;710;83,0545;100;100;100;100;100;93,4;100;80,5833;83,375;Sub-Saharan Africa;Upper middle income;Flawed Democracy;8504;8862
South Africa;2008;87,4556;710;88,0943;100;100;100;91,75;100;80,1;76,1429;66,6667;73,3;Sub-Saharan Africa;Upper middle income;Flawed Democracy;9224;9343
South Africa;2010;92,3407;710;92,6296;100;100;100;100;100;90,1;71,4286;86,1667;73,3;Sub-Saharan Africa;Upper Middle Income;Flawed Democracy;10243,6;10466,3
South Africa;2012;90,0851;710;92,4211;100;58,25;100;100;100;83,4;76,1429;87,9091;75;Sub-Saharan Africa;Upper Middle Income;Flawed Democracy;10973;11273,1
South Africa;2015;86,4444;710;90,566;39;75;100;77,8889;96,3333;85,7143;90,5714;84,8182;100;Sub-Saharan Africa;Upper Middle Income;Flawed democracy;12721,9;13078
South Korea;2006;72,9231;410;75,9259;100;100;100;20,75;67;86,7;91,75;77,8333;71,5714;East Asia & Pacific;High income;Flawed Democracy;22783;23884
South Korea;2008;65,956;410;65,463;100;100;100;20,75;0;86,7;76,2857;69,4167;70,1;East Asia & Pacific;High income;Full Democracy;25021;25498
South Korea;2010;71,1444;410;74,2642;100;100;100;25;0;83,3;90,5714;72,1667;76,8;East Asia & Pacific;High Income;Full Democracy;27977,9;29350,9
South Korea;2012;75,2903;410;83,3571;100;50;100;20,75;0;93,4;90,5714;78,8182;66,75;East Asia & Pacific;High Income;Full Democracy;31713,7;33171,5
South Korea;2015;65,4019;410;66;88,8333;100;27,6667;85,2222;0;83,2857;76,2857;72,7273;50;East Asia & Pacific;High Income;Full democracy;35485,1;37413
Spain;2010;62,9778;724;77,3962;100;0;0;54;0;43,4;42,8571;44,4167;50;Western Europe & the U.S.;High Income;Full Democracy;29689,3;29648,8
Spain;2012;63,4839;724;79,25;100;0;0;83,25;0;46,7;33,2857;40;75;Western Europe & the U.S.;High Income;Full Democracy;30625,8;30315,5
Spain;2015;58,0741;724;68,6226;100;0;83,5;81,4444;0;50,0714;14,2857;43,4;66,5;Western Europe & the U.S.;High Income;Full democracy;32975,4;34228,9
Sri Lanka;2006;47,4457;144;53,3273;100;0;0;91,625;16,75;19,9;58,25;36,3636;20,75;South Asia;Lower Middle Income;Flawed Democracy;3546;3776
Sri Lanka;2008;64,1304;144;74,5636;100;0;55,6667;45,625;50;43,3;47,7143;41,6667;43,4;South Asia;Lower Middle Income;Flawed Democracy;4008;4215
Sri Lanka;2010;67,0978;144;66,0909;100;100;78;62,75;66,75;70,1;52,4286;80,6667;56,7;South Asia;Lower Middle Income;Flawed Democracy;4768,54;5026,01
Sri Lanka;2012;45,9474;144;62,0517;67;0;0;0;0;43,3;38;46,7;50;South Asia;Lower Middle Income;Flawed Democracy;5673,69;6135,47
Sri Lanka;2015;38,5229;144;54,9444;72,1667;0;0;0;0;57,0714;0;36,7;66,5;South Asia;Lower Middle Income;Hybrid Regime;10355,2;11155,8
Sudan;2008;0,358696;729;0;0;0;0;0;0;0;4,71429;19,4167;13,3;Sub-Saharan Africa;Lower Middle Income;Authoritarian Regime;1879;1990
Sudan;2010;7,97826;729;0;67;0;0;0;0;13,3;42,8571;19,4167;33,4;Sub-Saharan Africa;Lower Middle Income;Authoritarian Regime;2380,27;2464,9
Sudan;2012;;729;;;;;;;;;;;Sub-Saharan Africa;Lower Middle Income;Authoritarian Regime;2726,42;2495,9
Sudan;2015;10,4037;729;0;94,5;0;0;0;0;40,5;0;24,2727;16,75;Sub-Saharan Africa;Lower Middle Income;Authoritarian Regime;4521,8;4655,06
Sweden;2006;76,0674;752;78,25;100;100;100;91,75;0;83,4;100;75;79,125;Western Europe & the U.S.;High income;Full Democracy;32319;33482
Sweden;2008;77,9438;752;77,6154;100;100;100;91,75;0;80;90,5714;75;83,4;Western Europe & the U.S.;High income;Full Democracy;34086;33769
Sweden;2010;83,1798;752;83,3654;100;100;100;91,75;0;86,7;100;80,5833;96,3333;Western Europe & the U.S.;High Income;Full Democracy;35964,8;36502,7
Sweden;2012;84,2967;752;85,2407;100;91,75;100;91,75;0;86,7;100;91;100;Western Europe & the U.S.;High Income;Full Democracy;40393,6;41129,9
Sweden;2015;87,0095;752;84,02;89;100;100;96,3333;92,6667;78,5714;85,7143;84,9091;100;Western Europe & the U.S.;High Income;Full democracy;44695,2;46386,4
Tajikistan;2012;17,2105;762;3,44828;100;0;0;79,25;0;60,1;14,2857;39,4545;91,75;Eastern Europe & Central Asia;Low Income;Authoritarian Regime;2066,59;2173,02
Tajikistan;2015;25,3578;762;25,8889;66,6667;24,75;72,3333;40,6667;0;0;9,57143;69,7273;75;Eastern Europe & Central Asia;Low Income;Authoritarian Regime;2676,57;2830,14
Tanzania;2006;47,8261;834;56,9455;67;0;55,6667;75;0;0;58,25;13,9167;20,75;Sub-Saharan Africa;Low income;Hybrid Regime;1065;1105
Tanzania;2008;35,5217;834;40,5818;67;0;0;79,375;0;0;38,1429;24,9167;30,1;Sub-Saharan Africa;Low income;Hybrid Regime;1151;1201
Tanzania;2010;44,6304;834;55,8364;0;0;0;79,25;0;0;47,7143;24,9167;50,1;Sub-Saharan Africa;Low Income;Hybrid Regime;1415,94;1484,05
Tanzania;2012;46,7053;834;52,3276;33;58,5;55,6667;83,5;0;0;42,8571;43,3;66,75;Sub-Saharan Africa;Low Income;Hybrid Regime;1514,89;1600,72
Tanzania;2015;45,5688;834;54,2963;16,6667;83,5;72,3333;70,3333;0;0;76,2857;39,4545;50;Sub-Saharan Africa;Low Income;Hybrid Regime;1941,3;2054,32
Thailand;2008;39,8043;764;49,6182;67;0;0;75;0;0;9,42857;50,0833;53,2;East Asia & Pacific;Lower Middle Income;Flawed Democracy;7333;7469
Thailand;2010;41,8876;764;55,4815;100;0;0;41,5;0;0;14,1429;49,9167;56,6;East Asia & Pacific;Lower Middle Income;Flawed Democracy;8059,8;8478,66
Thailand;2012;36,4842;764;40,2069;100;50,25;0;100;0;0;4,71429;69,6364;83,25;East Asia & Pacific;Upper Middle Income;Flawed Democracy;9396,24;9979,23
Thailand;2015;42,4954;764;56,7593;89;49,75;61,1667;51,8889;0;0;0;30;75;East Asia & Pacific;Upper Middle Income;Hybrid Regime;14442,6;15319,5
Timor-Leste;2010;34,131;626;50,3265;0;0;0;50,1667;0;10;0;27,75;0;East Asia & Pacific;Lower Middle Income;Flawed Democracy;2521,73;2676,96
Timor-Leste;2012;35,6667;626;48,1154;67;0;0;89;0;0;0;48,4545;100;East Asia & Pacific;Lower Middle Income;Flawed Democracy;8701,27;9467,76
Timor-Leste;2015;41,3981;626;55,0816;72,1667;41,5;0;74;0;0;50;45,4545;83,25;East Asia & Pacific;Lower Middle Income;Flawed democracy;6794,2;7388,46
Trinidad and Tobago;2008;32,6087;780;47,8909;33;0;0;0;0;0;47,5714;19,4167;30,1;Latin America & Caribbean;High income;Flawed Democracy;22551;23250
Trinidad and Tobago;2010;32,913;780;48,9818;67;0;0;0;0;0;38,1429;38,8333;43,4;Latin America & Caribbean;High Income;Flawed Democracy;19817,9;20328,5
Trinidad and Tobago;2012;37,8842;780;55,1552;33;0;0;0;0;0;52,4286;69,5455;58,5;Latin America & Caribbean;High Income;Flawed Democracy;20053,4;20573,5
Trinidad and Tobago;2015;33,8991;780;57,3148;22,1667;0;0;0;0;0;66,7143;66,5455;75;Latin America & Caribbean;High Income;Flawed democracy;31264,1;32346,4
Tunisia;2012;11,2211;788;1,72414;100;0;0;91,625;0;6,7;9,42857;21,1818;33,25;Middle East & North Africa;Upper Middle Income;Hybrid Regime;9477,51;9706,59
Tunisia;2015;42,1651;788;50,5741;72,1667;66,75;0;74;0;35,6429;0;33,3636;50;Middle East & North Africa;Upper Middle Income;Flawed democracy;11379,5;11897
Turkey;2006;41,6522;792;43,6182;67;0;77,6667;100;0;0;25;36,1667;37,5;Eastern Europe & Central Asia;Upper middle income;Hybrid Regime;10977;11584
Turkey;2008;43,4783;792;48,4909;67;0;55,3333;95,875;0;3,3;14,2857;25;33,3;Eastern Europe & Central Asia;Upper middle income;Hybrid Regime;11973;11932
Turkey;2010;56,5109;792;56,9455;67;0;78;100;0;53,3;28,5714;25;36,6;Eastern Europe & Central Asia;Upper Middle Income;Hybrid Regime;12476,5;13050,9
Turkey;2012;49,8421;792;52,8621;67;0;0;100;0;50,2;42,8571;27,2727;50;Eastern Europe & Central Asia;Upper Middle Income;Hybrid Regime;14517,5;14853
Turkey;2015;44,3211;792;48,7407;72,1667;0;0;55,5556;33,3333;50;38;16,7;91,75;Eastern Europe & Central Asia;Upper Middle Income;Hybrid Regime;19555,7;20299,4
Uganda;2006;31,9011;800;43,2407;67;67;77,6667;0;0;0;50,25;47,25;25;Sub-Saharan Africa;Low income;Hybrid Regime;901;966
Uganda;2008;51,087;800;58,1818;100;33;89;25;0;43,4;42,8571;33,1667;29,9;Sub-Saharan Africa;Low income;Hybrid Regime;1016;1077
Uganda;2010;55,4457;800;61,8545;100;67;89;41,625;25;33,2;42,8571;38,8333;33,2;Sub-Saharan Africa;Low Income;Hybrid Regime;1195,52;1226,92
Uganda;2012;64,9579;800;71,9138;100;50;89;29,125;41,5;56,7;66,7143;72,8182;66,5;Sub-Saharan Africa;Low Income;Hybrid Regime;1317,26;1341,4
Uganda;2015;62,422;800;63;83,3333;0;83,5;59,3333;66,6667;69;43;54,5455;75;Sub-Saharan Africa;Low Income;Hybrid Regime;1752,12;1836,02
Ukraine;2008;55,3187;804;59,8704;67;100;66,6667;54,25;0;26,6;66,7143;38,9167;73,4;Eastern Europe & Central Asia;Lower Middle Income;Flawed Democracy;6547;6721
Ukraine;2010;62,2747;804;66,0556;67;0;66,6667;91,625;0;36,6;66,7143;36,1667;63,4;Eastern Europe & Central Asia;Lower Middle Income;Flawed Democracy;6339,15;6650,59
Ukraine;2012;53,6737;804;58,0172;67;0;66,6667;83,375;0;33,3;66,7143;72,8182;75;Eastern Europe & Central Asia;Lower Middle Income;Hybrid Regime;7233,15;7584,06
Ukraine;2015;45,5138;804;35,7407;88,8333;0;49,8333;92,5556;0;69;57,1429;78,7273;83,25;Eastern Europe & Central Asia;Lower Middle Income;Hybrid Regime;8240,4;8493,56
United Kingdom;2006;87,9091;826;95,451;67;100;89;91,625;91,75;86,7;91,75;47,25;66,75;Western Europe & the U.S.;High income;Full Democracy;32690;33408
United Kingdom;2008;88,0337;826;94,8846;67;100;89;100;91,75;76,7;71,4286;52,8333;76,7;Western Europe & the U.S.;High income;Full Democracy;34192;34204
United Kingdom;2010;87,2921;826;91,6731;67;100;100;100;91,75;76,7;76,2857;52,8333;80,1;Western Europe & the U.S.;High Income;Full Democracy;34619;35082,8
United Kingdom;2012;88,4239;826;92,7455;33;41,5;100;100;75;90,1;76,2857;48,5455;100;Western Europe & the U.S.;High Income;Full Democracy;36089,6;36605
United Kingdom;2015;75,4623;826;78,4314;27,8333;33,25;94,5;88,8889;74;76,1429;85,7143;45,4545;91,75;Western Europe & the U.S.;High Income;Full democracy;37744,5;39224,9
United States;2006;80,9213;840;81,4231;100;0;0;100;91,75;76,7;100;88,9167;95,875;Western Europe & the U.S.;High income;Full Democracy;41833;42591
United States;2008;82,2556;840;83,6792;100;0;0;100;91,75;73,4;100;88,9167;100;Western Europe & the U.S.;High income;Full Democracy;43031;42809
United States;2010;81,8889;840;83,0566;100;0;0;100;91,75;73,4;100;88,9167;100;Western Europe & the U.S.;High Income;Full Democracy;46380,9;47701,8
United States;2012;79,2258;840;85,75;100;0;0;100;91,75;59,9;100;86,6;100;Western Europe & the U.S.;High Income;Full Democracy;48386,7;49601,4
United States;2015;80,6916;840;94,2308;38,8333;8,25;0;96,3333;85,2222;85,7143;90,5714;84,8182;100;Western Europe & the U.S.;High Income;Full democracy;54678,2;57045,5
Venezuela;2008;35,4674;862;40,5455;100;0;0;37,625;0;26,6;33,2857;30,4167;43,2;Latin America & Caribbean;Upper middle income;Hybrid Regime;11480;11839
Venezuela;2010;34,0217;862;45,4182;100;0;0;0;0;23,2;28,5714;36;46,7;Latin America & Caribbean;Upper Middle Income;Hybrid Regime;12201;11727
Venezuela;2012;36,8105;862;51,1207;100;0;0;0;0;19,9;33,2857;39,3636;58,25;Latin America & Caribbean;Upper Middle Income;Hybrid Regime;12568;13070,4
Venezuela;2015;7,95413;862;0;89;0;0;14,7778;0;0;28,5714;39,3636;66,5;Latin America & Caribbean;Upper Middle Income;Hybrid Regime;17917,2;17787,4
Vietnam;2006;2,92308;704;0;67;0;0;0;0;6,6;0;25;52,4286;East Asia & Pacific;Low income;Authoritarian Regime;2143;2291
Vietnam;2008;9,77174;704;0;67;0;0;54,25;0;9,9;18,8571;30,5833;39,9;East Asia & Pacific;Low income;Authoritarian Regime;2455;2574
Vietnam;2010;13,7609;704;0;67;0;0;83,5;0;6,6;33,1429;30,5833;43,3;East Asia & Pacific;Low Income;Authoritarian Regime;2942,11;3104,18
Vietnam;2012;18,9789;704;4,03448;67;0;78;33,375;0;56,8;61,8571;75,8182;83,5;East Asia & Pacific;Lower Middle Income;Authoritarian Regime;3358,67;3549,95
Vietnam;2015;17,7431;704;1,85185;66,6667;50;38,8333;63;0;19,0714;23,8571;60,6364;75;East Asia & Pacific;Lower Middle Income;Authoritarian Regime;5621,41;5983,24
Yemen;2008;9,79348;887;0;100;0;0;75,125;0;0;0;25;26,7;Middle East & North Africa;Low income;Authoritarian Regime;2210;2232
Yemen;2010;24,6304;887;26,0364;33;0;0;79,25;0;6,7;0;16,6667;26,7;Middle East & North Africa;Low Income;Authoritarian Regime;2457,78;2589,65
Yemen;2012;10,5263;887;1,72414;67;0;0;79,25;0;16,6;4,71429;33,2727;66,75;Middle East & North Africa;Lower Middle Income;Authoritarian Regime;2306,7;2248,62
Yemen;2015;33,6514;887;39,5;72,3333;0;0;70,4444;0;33,3571;0;26,5;33,3333;Middle East & North Africa;Lower Middle Income;Authoritarian Regime;3861,33;3992,87
Zambia;2006;37,2826;894;35,1455;100;0;100;41,5;16,5;39,9;41,75;33,3333;50;Sub-Saharan Africa;Low income;Hybrid Regime;1127;1169
Zambia;2008;48,1739;894;44,8364;100;0;89;79,125;0;49,9;38,1429;38,9167;53,4;Sub-Saharan Africa;Low income;Hybrid Regime;1212;1253
Zambia;2010;35,8696;894;39,3818;100;0;89;0;33,25;33,4;28,5714;47,25;56,7;Sub-Saharan Africa;Low Income;Hybrid Regime;1541,68;1612,03
Zambia;2012;4,21053;894;0,568965;67;0;0;0;0;0;42,8571;33,3636;50;Sub-Saharan Africa;Lower Middle Income;Flawed Democracy;1610,72;1714,61
Zambia;2015;38,5229;894;40,7222;38,8333;0;89;0;0;57,1429;61,8571;27,2727;58,25;Sub-Saharan Africa;Lower Middle Income;Flawed democracy;4113,33;4345,33
Zimbabwe;2012;20,3263;716;22,3448;67;0;78;41,75;0;0;0;23,3;24,75;Sub-Saharan Africa;Low Income;Authoritarian Regime;487,2;516,47
Zimbabwe;2015;35,1651;716;42,5556;0;0;33,3333;66,6667;81,6667;0;0;21,0909;33,25;Sub-Saharan Africa;Low Income;Authoritarian Regime;2026,78;2106,83
